antecedent,consequent,confidence,lift,support
"lunch bag suki design, lunch bag  black skull.",lunch bag cars blue,0.544334975,10.36475806,0.012243089
"lunch bag suki design, lunch bag  black skull.",lunch bag red retrospot,0.615763547,8.779737586,0.013849648
"lunch bag suki design, lunch bag  black skull.",lunch bag spaceboy design,0.534482759,9.864977787,0.012021495
"lunch bag suki design, lunch bag  black skull.",lunch bag pink polkadot,0.541871921,10.70167401,0.01218769
"lunch bag suki design, lunch bag  black skull.",lunch bag woodland,0.45320197,10.14981237,0.010193341
"lunch bag suki design, lunch bag  black skull.",lunch bag apple design,0.490147783,10.38457469,0.01102432
"pink regency teacup and saucer, green regency teacup and saucer",regency cakestand 3 tier,0.578703704,6.420516629,0.013849648
"pink regency teacup and saucer, green regency teacup and saucer",roses regency teacup and saucer,0.840277778,20.66465145,0.020109689
paper chain kit vintage christmas,paper chain kit 50s christmas,0.645348837,12.09677244,0.024596975
plasters in tin circus parade,plasters in tin strongman,0.421157685,17.55731493,0.011689103
plasters in tin circus parade,plasters in tin spaceboy,0.479041916,15.1439328,0.013295662
plasters in tin circus parade,plasters in tin woodland animals,0.499001996,15.63799484,0.013849648
"lunch bag apple design, lunch bag suki design",lunch bag red retrospot,0.606741573,8.651099633,0.011966096
"lunch bag apple design, lunch bag suki design",lunch bag  black skull.,0.558988764,9.711555515,0.01102432
"lunch bag apple design, lunch bag suki design",lunch bag spaceboy design,0.511235955,9.43591025,0.010082544
set of 4 pantry jelly moulds,set of 3 cake tins pantry design,0.225768322,3.664877672,0.010581131
"lunch bag apple design, lunch bag  black skull.",lunch bag red retrospot,0.636075949,9.06935779,0.011135117
"lunch bag apple design, lunch bag  black skull.",lunch bag suki design,0.629746835,12.74390149,0.01102432
spaceboy lunch box,dolly girl lunch box,0.597383721,18.06260226,0.022768822
spaceboy lunch box,lunch bag spaceboy design,0.287790698,5.311768797,0.010968921
feltcraft princess lola doll,feltcraft princess charlotte doll,0.623978202,29.0294601,0.012686278
"roses regency teacup and saucer, regency cakestand 3 tier",pink regency teacup and saucer,0.627906977,21.54819171,0.013461858
"roses regency teacup and saucer, regency cakestand 3 tier",green regency teacup and saucer,0.739018088,20.42881394,0.015843998
assorted colour bird ornament,painted metal pears assorted,0.182621502,9.638891042,0.013738851
assorted colour bird ornament,regency cakestand 3 tier,0.166421208,1.846385507,0.012520082
assorted colour bird ornament,white hanging heart t-light holder,0.192930781,1.814795998,0.014514431
assorted colour bird ornament,party bunting,0.139175258,1.85955039,0.010470334
baking set spaceboy design,baking set 9 piece retrospot,0.725728155,15.89820259,0.016564179
"lunch bag woodland, lunch bag cars blue",lunch bag red retrospot,0.637393768,9.088147631,0.012464683
"lunch bag woodland, lunch bag cars blue",lunch bag  black skull.,0.543909348,9.449574253,0.01063653
"lunch bag woodland, lunch bag cars blue",lunch bag spaceboy design,0.589235127,10.87554528,0.011522907
"lunch bag woodland, lunch bag cars blue",lunch bag pink polkadot,0.54674221,10.79785955,0.010691928
plasters in tin vintage paisley,plasters in tin spaceboy,0.384288747,12.14850469,0.010027145
plasters in tin vintage paisley,plasters in tin woodland animals,0.407643312,12.77494692,0.01063653
jumbo bag doiley patterns,lunch bag doiley pattern,0.471111111,18.56774381,0.011744502
jumbo bag doiley patterns,jumbo bag vintage leaf,0.433333333,10.41557923,0.010802726
"lunch bag suki design, lunch bag cars blue",lunch bag red retrospot,0.60880829,8.680567493,0.013018669
"lunch bag suki design, lunch bag cars blue",lunch bag  black skull.,0.57253886,9.946967241,0.012243089
"lunch bag suki design, lunch bag cars blue",lunch bag spaceboy design,0.525906736,9.70668966,0.011245914
"lunch bag suki design, lunch bag cars blue",lunch bag pink polkadot,0.528497409,10.43753472,0.011301313
pack of 72 skull cake cases,pack of 60 dinosaur cake cases,0.379591837,13.43531813,0.010304138
pack of 72 skull cake cases,pack of 72 retrospot cake cases,0.497959184,9.061150428,0.013517257
cook with wine metal sign,hand over the chocolate   sign,0.450777202,13.81490539,0.014459033
cook with wine metal sign,gin + tonic diet metal sign,0.462867012,12.97393235,0.014846823
cook with wine metal sign,please one person metal sign,0.438687392,11.67956654,0.014071243
72 sweetheart fairy cake cases,pack of 60 dinosaur cake cases,0.383333333,13.5677451,0.010193341
72 sweetheart fairy cake cases,pack of 72 retrospot cake cases,0.445833333,8.112638609,0.011855299
72 sweetheart fairy cake cases,60 teatime fairy cake cases,0.439583333,12.59510913,0.011689103
childrens cutlery spaceboy,childrens cutlery dolly girl,0.655948553,45.02101647,0.011301313
lunch bag red retrospot,pack of 72 retrospot cake cases,0.150078989,2.730923215,0.010525733
lunch bag red retrospot,red retrospot charlotte bag,0.186413902,4.590664865,0.013074068
lunch bag red retrospot,lunch bag suki design,0.353870458,7.161116188,0.02481857
lunch bag red retrospot,lunch bag vintage leaf design,0.206951027,6.35318535,0.014514431
lunch bag red retrospot,jumbo shopper vintage red paisley,0.150868878,3.482524454,0.010581131
lunch bag red retrospot,lunch bag woodland,0.33728278,7.5537115,0.023655199
lunch bag red retrospot,lunch bag dolly girl design,0.238546603,7.335612844,0.016730375
lunch bag red retrospot,lunch bag spaceboy design,0.363349131,6.706354975,0.025483353
lunch bag red retrospot,jumbo bag pink polkadot,0.187993681,3.927631868,0.013184865
lunch bag red retrospot,jumbo storage bag suki,0.187203791,4.400020364,0.013129467
lunch bag red retrospot,lunch bag vintage doily,0.191153239,6.535051343,0.013406459
lunch bag red retrospot,jumbo bag vintage leaf,0.143759874,3.455405431,0.010082544
lunch bag red retrospot,jumbo bag red retrospot,0.330963665,3.797981639,0.02321201
lunch bag red retrospot,white hanging heart t-light holder,0.174565561,1.642044262,0.012243089
lunch bag red retrospot,lunch bag cars blue,0.354660348,6.753137061,0.024873968
lunch bag red retrospot,jumbo bag apples,0.154818325,3.964007933,0.010858124
lunch bag red retrospot,lunch bag apple design,0.303317536,6.426273279,0.02127306
lunch bag red retrospot,lunch bag alphabet design,0.200631912,5.739471688,0.014071243
lunch bag red retrospot,charlotte bag suki design,0.150078989,4.678887443,0.010525733
lunch bag red retrospot,lunch bag  black skull.,0.401263823,6.971331348,0.028142485
lunch bag red retrospot,lunch bag pink polkadot,0.402843602,7.955940763,0.028253282
lunch bag vintage doily,lunch bag red retrospot,0.458333333,6.535051343,0.013406459
lunch bag vintage doily,lunch bag suki design,0.356060606,7.20543722,0.010414935
lunch bag vintage doily,lunch bag  black skull.,0.375,6.515038499,0.010968921
lunch bag vintage doily,lunch bag spaceboy design,0.356060606,6.571830266,0.010414935
lunch bag vintage doily,lunch bag apple design,0.348484848,7.383215962,0.010193341
lunch bag vintage doily,jumbo bag vintage doily,0.418560606,12.44717875,0.012243089
jumbo storage bag suki,jumbo storage bag skulls,0.255208333,9.822527985,0.010858124
jumbo storage bag suki,jumbo bag strawberry,0.278645833,7.798195252,0.011855299
jumbo storage bag suki,jumbo bag alphabet,0.24609375,6.068631532,0.010470334
jumbo storage bag suki,jumbo bag red retrospot,0.561197917,6.440040428,0.023876794
jumbo storage bag suki,lunch bag red retrospot,0.30859375,4.400020364,0.013129467
jumbo storage bag suki,lunch bag suki design,0.287760417,5.823277221,0.012243089
jumbo storage bag suki,lunch bag  black skull.,0.23828125,4.139764046,0.010137942
jumbo storage bag suki,jumbo bag pink polkadot,0.364583333,7.617006655,0.015511606
jumbo storage bag suki,jumbo shopper vintage red paisley,0.32421875,7.483980379,0.01379425
jumbo storage bag suki,jumbo  bag baroque black white,0.3125,8.800214509,0.013295662
jumbo storage bag suki,jumbo bag vintage leaf,0.259114583,6.228065704,0.01102432
jumbo storage bag suki,jumbo bag apples,0.25,6.40106383,0.01063653
jumbo storage bag suki,jumbo bag pink vintage paisley,0.252604167,7.702293602,0.010747327
jumbo storage bag suki,jumbo bag spaceboy design,0.256510417,9.830720873,0.010913523
dolly girl lunch box,spaceboy lunch box,0.688442211,18.06260226,0.022768822
home building block word,love building block word,0.394698085,13.07283512,0.014846823
home building block word,white hanging heart t-light holder,0.300441826,2.826094531,0.011301313
love hot water bottle,hot water bottle keep calm,0.488584475,12.45683384,0.011855299
wooden star christmas scandinavian,wooden heart christmas scandinavian,0.742788462,29.99569244,0.017118165
wooden star christmas scandinavian,wooden tree christmas scandinavian,0.519230769,35.50240385,0.011966096
chocolate hot water bottle,scottie dog hot water bottle,0.345132743,9.673899302,0.012963271
chocolate hot water bottle,hot water bottle i am so poorly,0.410029499,15.10498465,0.015400809
chocolate hot water bottle,hot water bottle keep calm,0.35840708,9.137861857,0.013461858
chocolate hot water bottle,hot water bottle tea and sympathy,0.377581121,13.52324765,0.01418204
"lunch bag cars blue, lunch bag spaceboy design",lunch bag suki design,0.525906736,10.64253642,0.011245914
"lunch bag cars blue, lunch bag spaceboy design",lunch bag woodland,0.538860104,12.06819321,0.011522907
"lunch bag cars blue, lunch bag spaceboy design",lunch bag red retrospot,0.595854922,8.495874567,0.012741676
"lunch bag cars blue, lunch bag spaceboy design",lunch bag  black skull.,0.569948187,9.90195834,0.01218769
"lunch bag cars blue, lunch bag spaceboy design",lunch bag pink polkadot,0.567357513,11.20500051,0.012132292
alarm clock bakelike red,alarm clock bakelike orange,0.280701754,14.43574749,0.013295662
alarm clock bakelike red,alarm clock bakelike green,0.612865497,14.1649617,0.029028863
alarm clock bakelike red,alarm clock bakelike chocolate,0.25497076,14.75152946,0.012076893
alarm clock bakelike red,alarm clock bakelike ivory,0.361403509,14.15118164,0.017118165
alarm clock bakelike red,alarm clock bakelike pink,0.445614035,13.5417154,0.021106864
lunch bag cars blue,lunch bag suki design,0.407172996,8.239775501,0.021383857
lunch bag cars blue,lunch bag vintage leaf design,0.210970464,6.476577973,0.011079719
lunch bag cars blue,lunch bag woodland,0.372362869,8.339357509,0.019555703
lunch bag cars blue,lunch bag dolly girl design,0.252109705,7.752695534,0.013240264
lunch bag cars blue,jumbo bag pink polkadot,0.19092827,3.988942364,0.010027145
lunch bag cars blue,jumbo bag red retrospot,0.265822785,3.050455873,0.013960445
lunch bag cars blue,lunch bag red retrospot,0.473628692,6.753137061,0.024873968
lunch bag cars blue,lunch bag  black skull.,0.439873418,7.642112669,0.023101213
lunch bag cars blue,lunch bag spaceboy design,0.407172996,7.515214465,0.021383857
lunch bag cars blue,white hanging heart t-light holder,0.193037975,1.815804315,0.010137942
lunch bag cars blue,lunch bag apple design,0.299578059,6.347046414,0.0157332
lunch bag cars blue,lunch bag alphabet design,0.239451477,6.849981945,0.012575481
lunch bag cars blue,lunch bag pink polkadot,0.444092827,8.770590394,0.023322808
feltcraft cushion rabbit,feltcraft cushion owl,0.620253165,27.44164185,0.010858124
feltcraft cushion rabbit,feltcraft cushion butterfly,0.613924051,39.02092619,0.010747327
"alarm clock bakelike pink, alarm clock bakelike green",alarm clock bakelike red,0.774480712,16.35105419,0.014459033
jumbo bag vintage doily,jumbo bag red retrospot,0.469522241,5.388013963,0.015788599
jumbo bag vintage doily,jumbo bag vintage leaf,0.362438221,8.7115477,0.01218769
jumbo bag vintage doily,lunch bag vintage doily,0.364085667,12.44717875,0.012243089
pink happy birthday bunting,blue happy birthday bunting,0.703170029,37.11380757,0.013517257
jumbo bag strawberry,jumbo storage bag suki,0.331782946,7.798195252,0.011855299
jumbo bag strawberry,jumbo bag red retrospot,0.631007752,7.241144902,0.022547227
jumbo bag strawberry,jumbo bag pink polkadot,0.452713178,9.458247201,0.016176389
jumbo bag strawberry,jumbo  bag baroque black white,0.313178295,8.819315749,0.011190516
jumbo bag strawberry,jumbo bag pink vintage paisley,0.305426357,9.312924261,0.010913523
jumbo bag pears,jumbo bag red retrospot,0.437229437,5.017437108,0.011190516
jumbo bag pears,jumbo bag apples,0.666666667,17.06950355,0.017062767
jumbo bag pears,jumbo bag vintage leaf,0.512987013,12.33013125,0.013129467
set of 6 tea time baking cases,set of 12 fairy cake baking cases,0.673139159,26.94198437,0.011522907
set of 6 tea time baking cases,set of 12 mini loaf baking cases,0.601941748,30.95626919,0.010304138
pink regency teacup and saucer,regency cakestand 3 tier,0.545627376,6.053546264,0.015899396
pink regency teacup and saucer,green regency teacup and saucer,0.821292776,22.70314838,0.023932192
pink regency teacup and saucer,roses regency teacup and saucer,0.773764259,19.02890822,0.022547227
woodland charlotte bag,charlotte bag pink polkadot,0.368320611,13.79368329,0.010691928
woodland charlotte bag,strawberry charlotte bag,0.404580153,15.02690604,0.011744502
woodland charlotte bag,red retrospot charlotte bag,0.545801527,13.44101413,0.015843998
woodland charlotte bag,charlotte bag suki design,0.45610687,14.21966341,0.013240264
set of 6 spice tins pantry design,set of 3 cake tins pantry design,0.456112853,7.404040561,0.016120991
"jumbo storage bag suki, jumbo bag pink polkadot",jumbo bag red retrospot,0.782142857,8.9754995,0.012132292
feltcraft princess charlotte doll,feltcraft princess lola doll,0.590206186,29.0294601,0.012686278
set of 3 heart cookie cutters,set of 3 butterfly cookie cutters,0.466666667,17.36865979,0.013184865
jumbo bag vintage leaf,lunch bag vintage leaf design,0.2689747,8.257248838,0.011190516
jumbo bag vintage leaf,jumbo bag alphabet,0.331557923,8.176164022,0.01379425
jumbo bag vintage leaf,jumbo bag vintage doily,0.292942743,8.7115477,0.01218769
jumbo bag vintage leaf,jumbo bag doiley patterns,0.259653795,10.41557923,0.010802726
jumbo bag vintage leaf,jumbo bag pears,0.315579228,12.33013125,0.013129467
jumbo bag vintage leaf,jumbo storage bag suki,0.264980027,6.228065704,0.01102432
jumbo bag vintage leaf,jumbo bag red retrospot,0.452729694,5.195310681,0.018835522
jumbo bag vintage leaf,lunch bag red retrospot,0.242343542,3.455405431,0.010082544
jumbo bag vintage leaf,jumbo bag pink polkadot,0.260985353,5.452600237,0.010858124
jumbo bag vintage leaf,jumbo shopper vintage red paisley,0.274300932,6.331721388,0.01141211
jumbo bag vintage leaf,jumbo bag apples,0.367509987,9.409819531,0.015290012
plasters in tin woodland animals,plasters in tin strongman,0.338541667,14.11320006,0.010802726
plasters in tin woodland animals,plasters in tin spaceboy,0.501736111,15.86136347,0.016010193
plasters in tin woodland animals,plasters in tin vintage paisley,0.333333333,12.77494692,0.01063653
plasters in tin woodland animals,plasters in tin circus parade,0.434027778,15.63799484,0.013849648
"lunch bag dolly girl design, lunch bag  black skull.",lunch bag spaceboy design,0.697318008,12.87043697,0.010082544
jam making set printed,jam making set with jars,0.351025332,7.56128671,0.016120991
jam making set printed,set of 3 cake tins pantry design,0.232810615,3.779194618,0.010691928
hot water bottle keep calm,love hot water bottle,0.302259887,12.45683384,0.011855299
hot water bottle keep calm,hot water bottle i am so poorly,0.261299435,9.625951228,0.01024874
hot water bottle keep calm,chocolate hot water bottle,0.343220339,9.137861857,0.013461858
hot water bottle keep calm,hot water bottle tea and sympathy,0.322033898,11.53379742,0.012630879
please one person metal sign,gin + tonic diet metal sign,0.345132743,9.673899302,0.012963271
please one person metal sign,hand over the chocolate   sign,0.345132743,10.57723455,0.012963271
please one person metal sign,cook with wine metal sign,0.374631268,11.67956654,0.014071243
jumbo bag pink vintage paisley,jumbo storage bag suki,0.327702703,7.702293602,0.010747327
jumbo bag pink vintage paisley,jumbo bag strawberry,0.33277027,9.312924261,0.010913523
jumbo bag pink vintage paisley,jumbo bag red retrospot,0.550675676,6.319292194,0.018059941
jumbo bag pink vintage paisley,jumbo bag pink polkadot,0.423986486,8.858078782,0.013905047
jumbo bag pink vintage paisley,jumbo shopper vintage red paisley,0.427364865,9.864914547,0.014015844
jumbo bag pink vintage paisley,jumbo bag scandinavian blue paisley,0.398648649,16.1708017,0.013074068
"lunch bag dolly girl design, lunch bag spaceboy design",lunch bag woodland,0.527065527,11.80404445,0.01024874
"lunch bag dolly girl design, lunch bag spaceboy design",lunch bag red retrospot,0.598290598,8.530603151,0.011633705
"lunch bag dolly girl design, lunch bag spaceboy design",lunch bag  black skull.,0.518518519,9.008448294,0.010082544
jumbo shopper vintage red paisley,jumbo bag red retrospot,0.501278772,5.752436821,0.021716248
jumbo shopper vintage red paisley,lunch bag red retrospot,0.244245524,3.482524454,0.010581131
jumbo shopper vintage red paisley,jumbo bag pink polkadot,0.310741688,6.492127558,0.013461858
jumbo shopper vintage red paisley,jumbo storage bag suki,0.318414322,7.483980379,0.01379425
jumbo shopper vintage red paisley,jumbo  bag baroque black white,0.301790281,8.498621479,0.013074068
jumbo shopper vintage red paisley,jumbo bag vintage leaf,0.26342711,6.331721388,0.01141211
jumbo shopper vintage red paisley,jumbo bag pink vintage paisley,0.323529412,9.864914547,0.014015844
jumbo shopper vintage red paisley,jumbo bag scandinavian blue paisley,0.251918159,10.21881951,0.010913523
"lunch bag red retrospot, jumbo bag red retrospot",jumbo bag pink polkadot,0.441527446,9.224550849,0.01024874
"lunch bag red retrospot, jumbo bag red retrospot",lunch bag pink polkadot,0.439140811,8.672790796,0.010193341
red stripe ceramic drawer knob,blue stripe ceramic drawer knob,0.644654088,33.72942302,0.011356712
set of 12 mini loaf baking cases,set of 12 fairy cake baking cases,0.686609687,27.48113404,0.013351061
set of 12 mini loaf baking cases,set of 6 tea time baking cases,0.52991453,30.95626919,0.010304138
set of 12 mini loaf baking cases,set of 6 snack loaf baking cases,0.535612536,34.65355513,0.010414935
"jumbo shopper vintage red paisley, jumbo bag red retrospot",jumbo bag pink polkadot,0.477040816,9.966508999,0.010359537
"jumbo shopper vintage red paisley, jumbo bag red retrospot",jumbo storage bag suki,0.471938776,11.09240474,0.01024874
strawberry charlotte bag,charlotte bag pink polkadot,0.425925926,15.95101429,0.011467509
strawberry charlotte bag,woodland charlotte bag,0.436213992,15.02690604,0.011744502
strawberry charlotte bag,red retrospot charlotte bag,0.600823045,14.79598471,0.016176389
strawberry charlotte bag,charlotte bag suki design,0.475308642,14.81830103,0.012797075
"jumbo bag pink polkadot, lunch bag red retrospot",jumbo bag red retrospot,0.777310924,8.920050538,0.01024874
jumbo bag 50s christmas,jumbo bag vintage christmas,0.417962003,19.85429506,0.013406459
jumbo bag 50s christmas,paper chain kit 50s christmas,0.312607945,5.859694715,0.010027145
small marshmallows pink bowl,small dolly mix design orange bowl,0.778947368,39.49657008,0.012298488
"lunch bag cars blue, lunch bag red retrospot",lunch bag suki design,0.523385301,10.59151128,0.013018669
"lunch bag cars blue, lunch bag red retrospot",lunch bag woodland,0.501113586,11.22283044,0.012464683
"lunch bag cars blue, lunch bag red retrospot",lunch bag  black skull.,0.574610245,9.982954314,0.014292837
"lunch bag cars blue, lunch bag red retrospot",lunch bag spaceboy design,0.512249443,9.454616257,0.012741676
"lunch bag cars blue, lunch bag red retrospot",lunch bag pink polkadot,0.608017817,12.00801928,0.015123816
"lunch bag pink polkadot, lunch bag red retrospot",lunch bag suki design,0.490196078,9.919876022,0.013849648
"lunch bag pink polkadot, lunch bag red retrospot",lunch bag woodland,0.458823529,10.27571157,0.012963271
"lunch bag pink polkadot, lunch bag red retrospot",lunch bag apple design,0.374509804,7.934596796,0.010581131
"lunch bag pink polkadot, lunch bag red retrospot",jumbo bag red retrospot,0.360784314,4.140189223,0.010193341
"lunch bag pink polkadot, lunch bag red retrospot",lunch bag cars blue,0.535294118,10.19260983,0.015123816
"lunch bag pink polkadot, lunch bag red retrospot",lunch bag  black skull.,0.590196078,10.25373379,0.016674976
"lunch bag pink polkadot, lunch bag red retrospot",lunch bag spaceboy design,0.484313725,8.939005173,0.013683452
"jumbo storage bag suki, jumbo bag red retrospot",jumbo bag pink polkadot,0.50812065,10.6158401,0.012132292
"jumbo storage bag suki, jumbo bag red retrospot",jumbo shopper vintage red paisley,0.429234339,9.908067837,0.01024874
recipe box retrospot,recipe box pantry yellow design,0.469626168,10.58329833,0.011135117
bathroom metal sign,toilet metal sign,0.540145985,32.71870867,0.012298488
"pink regency teacup and saucer, roses regency teacup and saucer",green regency teacup and saucer,0.891891892,24.65473283,0.020109689
"pink regency teacup and saucer, roses regency teacup and saucer",regency cakestand 3 tier,0.597051597,6.624080134,0.013461858
heart of wicker large,large white heart of wicker,0.241813602,8.660669306,0.01063653
heart of wicker large,heart of wicker small,0.503778338,9.643375155,0.022159437
heart of wicker large,white hanging heart t-light holder,0.361460957,3.400068649,0.015899396
"alarm clock bakelike ivory, alarm clock bakelike green",alarm clock bakelike red,0.779411765,16.45515996,0.011744502
poppys playhouse bedroom,poppys playhouse livingroom,0.64495114,47.71316815,0.010968921
poppys playhouse bedroom,poppys playhouse kitchen,0.801302932,43.0485691,0.013628054
jumbo bag woodland animals,jumbo bag red retrospot,0.536082474,6.151827554,0.014403634
jumbo bag woodland animals,jumbo bag pink polkadot,0.406185567,8.486175544,0.010913523
"lunch bag spaceboy design, lunch bag red retrospot",lunch bag suki design,0.495652174,10.03028856,0.012630879
"lunch bag spaceboy design, lunch bag red retrospot",lunch bag woodland,0.554347826,12.41505286,0.014126641
"lunch bag spaceboy design, lunch bag red retrospot",lunch bag dolly girl design,0.456521739,14.03862677,0.011633705
"lunch bag spaceboy design, lunch bag red retrospot",lunch bag  black skull.,0.55,9.555389798,0.014015844
"lunch bag spaceboy design, lunch bag red retrospot",lunch bag cars blue,0.5,9.52056962,0.012741676
"lunch bag spaceboy design, lunch bag red retrospot",lunch bag apple design,0.419565217,8.889168708,0.010691928
"lunch bag spaceboy design, lunch bag red retrospot",lunch bag pink polkadot,0.536956522,10.60459756,0.013683452
hot water bottle i am so poorly,hot water bottle keep calm,0.37755102,9.625951228,0.01024874
hot water bottle i am so poorly,chocolate hot water bottle,0.567346939,15.10498465,0.015400809
hot water bottle i am so poorly,hot water bottle tea and sympathy,0.37755102,13.52216958,0.01024874
"lunch bag pink polkadot, lunch bag  black skull.",lunch bag suki design,0.483516484,9.784704085,0.01218769
"lunch bag pink polkadot, lunch bag  black skull.",lunch bag woodland,0.428571429,9.59819213,0.010802726
"lunch bag pink polkadot, lunch bag  black skull.",lunch bag cars blue,0.564835165,10.75510502,0.014237438
"lunch bag pink polkadot, lunch bag  black skull.",lunch bag red retrospot,0.661538462,9.43240977,0.016674976
"lunch bag pink polkadot, lunch bag  black skull.",lunch bag spaceboy design,0.487912088,9.005420347,0.012298488
retrospot heart hot water bottle,scottie dog hot water bottle,0.409615385,11.4813157,0.0117999
red retrospot charlotte bag,jumbo bag red retrospot,0.375170532,4.305278623,0.015234613
red retrospot charlotte bag,lunch bag red retrospot,0.321964529,4.590664865,0.013074068
red retrospot charlotte bag,lunch bag  black skull.,0.27148704,4.716662706,0.01102432
red retrospot charlotte bag,charlotte bag pink polkadot,0.436562074,16.34934023,0.01772755
red retrospot charlotte bag,charlotte bag dolly girl design,0.253751705,13.47197657,0.010304138
red retrospot charlotte bag,strawberry charlotte bag,0.398362892,14.79598471,0.016176389
red retrospot charlotte bag,charlotte bag suki design,0.403819918,12.58955672,0.016397983
red retrospot charlotte bag,woodland charlotte bag,0.390177353,13.44101413,0.015843998
red retrospot charlotte bag,charlotte bag apples design,0.286493861,12.2838496,0.011633705
set/20 red retrospot paper napkins,pack of 72 retrospot cake cases,0.283707865,5.16251076,0.011190516
set/20 red retrospot paper napkins,set/6 red spotty paper cups,0.261235955,16.96248282,0.010304138
set/20 red retrospot paper napkins,set/6 red spotty paper plates,0.310393258,17.73072376,0.012243089
jumbo bag vintage christmas,jumbo bag 50s christmas,0.636842105,19.85429506,0.013406459
wood 2 drawer cabinet white finish,wooden picture frame white finish,0.391304348,8.118890555,0.010968921
wood 2 drawer cabinet white finish,wooden frame antique white,0.365612648,8.249592391,0.01024874
natural slate heart chalkboard,white hanging heart t-light holder,0.275499474,2.591475252,0.014514431
candleholder pink hanging heart,white hanging heart t-light holder,0.734756098,6.91145509,0.013351061
round snack boxes set of4 woodland,round snack boxes set of 4 fruits,0.443686007,17.71897369,0.014403634
regency tea plate roses,regency tea plate green,0.687707641,50.46264484,0.011467509
spotty bunting,party bunting,0.387755102,5.180878865,0.021051465
roses regency teacup and saucer,pink regency teacup and saucer,0.554495913,19.02890822,0.022547227
roses regency teacup and saucer,green regency teacup and saucer,0.689373297,19.05647379,0.028031688
roses regency teacup and saucer,regency cakestand 3 tier,0.527247956,5.849632982,0.021439255
pack of 60 pink paisley cake cases,pack of 60 dinosaur cake cases,0.297839506,10.54176652,0.010691928
pack of 60 pink paisley cake cases,60 teatime fairy cake cases,0.412037037,11.80584215,0.014791424
pack of 60 pink paisley cake cases,pack of 72 retrospot cake cases,0.50154321,9.126367421,0.018004543
pack of 72 retrospot cake cases,pack of 60 dinosaur cake cases,0.259072581,9.169645398,0.014237438
pack of 72 retrospot cake cases,lunch bag red retrospot,0.191532258,2.730923215,0.010525733
pack of 72 retrospot cake cases,60 cake cases dolly girl design,0.184475806,9.881224873,0.010137942
pack of 72 retrospot cake cases,60 teatime fairy cake cases,0.317540323,9.09828629,0.017450557
pack of 72 retrospot cake cases,72 sweetheart fairy cake cases,0.215725806,8.112638609,0.011855299
pack of 72 retrospot cake cases,pack of 72 skull cake cases,0.245967742,9.061150428,0.013517257
pack of 72 retrospot cake cases,set/20 red retrospot paper napkins,0.203629032,5.16251076,0.011190516
pack of 72 retrospot cake cases,pack of 60 spaceboy cake cases,0.208669355,9.58445426,0.011467509
pack of 72 retrospot cake cases,pack of 60 pink paisley cake cases,0.327620968,9.126367421,0.018004543
christmas craft little friends,christmas craft tree top angel,0.46746988,25.11398451,0.010747327
christmas craft little friends,christmas craft white fairy,0.484337349,27.49299841,0.011135117
60 teatime fairy cake cases,pack of 60 dinosaur cake cases,0.33968254,12.02276377,0.011855299
60 teatime fairy cake cases,pack of 72 retrospot cake cases,0.5,9.09828629,0.017450557
60 teatime fairy cake cases,pack of 60 pink paisley cake cases,0.423809524,11.80584215,0.014791424
60 teatime fairy cake cases,72 sweetheart fairy cake cases,0.334920635,12.59510913,0.011689103
blue happy birthday bunting,pink happy birthday bunting,0.713450292,37.11380757,0.013517257
set of 6 snack loaf baking cases,set of 12 fairy cake baking cases,0.688172043,27.5436664,0.01063653
set of 6 snack loaf baking cases,set of 12 mini loaf baking cases,0.673835125,34.65355513,0.010414935
gardeners kneeling pad keep calm,gardeners kneeling pad cup of tea,0.615487316,17.60722908,0.025538751
"lunch bag suki design, lunch bag spaceboy design",lunch bag cars blue,0.539893617,10.28018954,0.011245914
"lunch bag suki design, lunch bag spaceboy design",lunch bag red retrospot,0.606382979,8.64598669,0.012630879
"lunch bag suki design, lunch bag spaceboy design",lunch bag  black skull.,0.57712766,10.02669046,0.012021495
"lunch bag suki design, lunch bag spaceboy design",lunch bag woodland,0.481382979,10.78094808,0.010027145
"lunch bag suki design, lunch bag spaceboy design",lunch bag apple design,0.484042553,10.2552255,0.010082544
large white heart of wicker,small white heart of wicker,0.555555556,17.38012709,0.015511606
large white heart of wicker,heart of wicker large,0.380952381,8.660669306,0.01063653
christmas craft white fairy,christmas craft little friends,0.632075472,27.49299841,0.011135117
retrospot tea set ceramic 11 pc,baking set 9 piece retrospot,0.280548628,6.145853509,0.012464683
ivory kitchen scales,red kitchen scales,0.419243986,17.84852169,0.013517257
"lunch bag pink polkadot, jumbo bag red retrospot",lunch bag red retrospot,0.673992674,9.609985591,0.010193341
"pink regency teacup and saucer, green regency teacup and saucer, regency cakestand 3 tier",roses regency teacup and saucer,0.872,21.44478474,0.012076893
"alarm clock bakelike ivory, alarm clock bakelike red",alarm clock bakelike green,0.686084142,15.85724053,0.011744502
hand warmer red retrospot,hand warmer owl design,0.551622419,17.53052163,0.010359537
lunch bag apple design,lunch bag vintage leaf design,0.353286385,10.84553152,0.016674976
lunch bag apple design,lunch bag woodland,0.345070423,7.728121833,0.016287186
lunch bag apple design,lunch bag dolly girl design,0.235915493,7.254702834,0.011135117
lunch bag apple design,lunch bag vintage doily,0.215962441,7.383215962,0.010193341
lunch bag apple design,jumbo bag apples,0.342723005,8.775167316,0.016176389
lunch bag apple design,jumbo bag red retrospot,0.258215962,2.963163597,0.01218769
lunch bag apple design,lunch bag red retrospot,0.450704225,6.426273279,0.02127306
lunch bag apple design,lunch bag cars blue,0.333333333,6.347046414,0.0157332
lunch bag apple design,lunch bag  black skull.,0.370892019,6.44366875,0.017505955
lunch bag apple design,lunch bag suki design,0.417840376,8.455646435,0.019721899
lunch bag apple design,lunch bag spaceboy design,0.35915493,6.628942366,0.016951969
lunch bag apple design,lunch bag pink polkadot,0.33685446,6.652691312,0.015899396
lunch bag apple design,lunch bag alphabet design,0.353286385,10.1064541,0.016674976
lunch bag apple design,lunch bag doiley pattern,0.225352113,8.881727043,0.01063653
lunch bag apple design,charlotte bag apples design,0.213615023,9.159061256,0.010082544
pack of 60 dinosaur cake cases,pack of 72 retrospot cake cases,0.503921569,9.169645398,0.014237438
pack of 60 dinosaur cake cases,pack of 60 pink paisley cake cases,0.378431373,10.54176652,0.010691928
pack of 60 dinosaur cake cases,60 teatime fairy cake cases,0.419607843,12.02276377,0.011855299
pack of 60 dinosaur cake cases,72 sweetheart fairy cake cases,0.360784314,13.5677451,0.010193341
pack of 60 dinosaur cake cases,pack of 72 skull cake cases,0.364705882,13.43531813,0.010304138
pack of 60 dinosaur cake cases,pack of 60 spaceboy cake cases,0.354901961,16.30110762,0.010027145
"lunch bag woodland, lunch bag pink polkadot",lunch bag red retrospot,0.742857143,10.59187542,0.012963271
"lunch bag woodland, lunch bag pink polkadot",lunch bag cars blue,0.612698413,11.66647579,0.010691928
"lunch bag woodland, lunch bag pink polkadot",lunch bag  black skull.,0.619047619,10.75498419,0.010802726
"lunch bag woodland, lunch bag pink polkadot",lunch bag spaceboy design,0.628571429,11.60157756,0.010968921
ivory diner wall clock,red diner wall clock,0.502645503,22.73998488,0.010525733
charlotte bag suki design,charlotte bag pink polkadot,0.388601036,14.55318943,0.012464683
charlotte bag suki design,strawberry charlotte bag,0.398963731,14.81830103,0.012797075
charlotte bag suki design,lunch bag red retrospot,0.328151986,4.678887443,0.010525733
charlotte bag suki design,red retrospot charlotte bag,0.511226252,12.58955672,0.016397983
charlotte bag suki design,woodland charlotte bag,0.412780656,14.21966341,0.013240264
"alarm clock bakelike green, alarm clock bakelike red",alarm clock bakelike ivory,0.404580153,15.84181418,0.011744502
"alarm clock bakelike green, alarm clock bakelike red",alarm clock bakelike pink,0.498091603,15.13645038,0.014459033
regency tea plate pink,regency tea plate green,0.900497512,66.07675039,0.010027145
"pink regency teacup and saucer, roses regency teacup and saucer, regency cakestand 3 tier",green regency teacup and saucer,0.897119342,24.79923619,0.012076893
"jumbo shopper vintage red paisley, jumbo bag pink polkadot",jumbo bag red retrospot,0.769547325,8.830959164,0.010359537
blue harmonica in box,red  harmonica in box,0.528,17.64986667,0.014625229
alarm clock bakelike orange,alarm clock bakelike red,0.683760684,14.43574749,0.013295662
alarm clock bakelike orange,alarm clock bakelike green,0.618233618,14.28903335,0.012021495
gin + tonic diet metal sign,please one person metal sign,0.363354037,9.673899302,0.012963271
gin + tonic diet metal sign,hand over the chocolate   sign,0.385093168,11.80189604,0.013738851
gin + tonic diet metal sign,cook with wine metal sign,0.416149068,12.97393235,0.014846823
pink vintage paisley picnic bag,scandinavian paisley picnic bag,0.697841727,40.76615213,0.010747327
set of tea coffee sugar tins pantry,set of 3 cake tins pantry design,0.551630435,8.954569225,0.011245914
jumbo bag alphabet,jumbo storage bag suki,0.258196721,6.068631532,0.010470334
jumbo bag alphabet,jumbo bag red retrospot,0.400273224,4.593345179,0.016231788
jumbo bag alphabet,jumbo bag vintage leaf,0.340163934,8.176164022,0.01379425
jumbo bag alphabet,jumbo bag pink polkadot,0.267759563,5.594129478,0.010858124
jumbo bag alphabet,jumbo bag apples,0.367486339,9.409214045,0.014902221
jumbo bag alphabet,lunch bag alphabet design,0.308743169,8.832207529,0.012520082
set of 3 cake tins pantry design,jam making set printed,0.173561151,3.779194618,0.010691928
set of 3 cake tins pantry design,recipe box pantry yellow design,0.228417266,5.147515695,0.014071243
set of 3 cake tins pantry design,set of 6 spice tins pantry design,0.261690647,7.404040561,0.016120991
set of 3 cake tins pantry design,set of 4 pantry jelly moulds,0.17176259,3.664877672,0.010581131
set of 3 cake tins pantry design,set of tea coffee sugar tins pantry,0.182553957,8.954569225,0.011245914
set of 3 cake tins pantry design,regency cakestand 3 tier,0.183453237,2.035349962,0.011301313
set of 3 cake tins pantry design,white hanging heart t-light holder,0.170863309,1.607219175,0.010525733
set of 3 cake tins pantry design,jam making set with jars,0.209532374,4.513447357,0.012907872
painted metal pears assorted,assorted colour bird ornament,0.725146199,9.638891042,0.013738851
sweetheart ceramic trinket box,strawberry ceramic trinket box,0.539893617,19.56951743,0.011245914
lunch bag suki design,jumbo bag red retrospot,0.260089686,2.984665559,0.012852474
lunch bag suki design,lunch bag red retrospot,0.502242152,7.161116188,0.02481857
lunch bag suki design,lunch bag cars blue,0.432735426,8.239775501,0.021383857
lunch bag suki design,lunch bag  black skull.,0.455156951,7.907640151,0.022491829
lunch bag suki design,lunch bag spaceboy design,0.421524664,7.780103992,0.020829871
lunch bag suki design,lunch bag pink polkadot,0.399103139,7.882068668,0.019721899
lunch bag suki design,lunch bag vintage leaf design,0.282511211,8.672805894,0.013960445
lunch bag suki design,lunch bag woodland,0.340807175,7.632643069,0.016841172
lunch bag suki design,lunch bag dolly girl design,0.284753363,8.756529744,0.014071243
lunch bag suki design,jumbo storage bag suki,0.247757848,5.823277221,0.012243089
lunch bag suki design,lunch bag vintage doily,0.210762332,7.20543722,0.010414935
lunch bag suki design,lunch bag apple design,0.399103139,8.455646435,0.019721899
lunch bag suki design,lunch bag alphabet design,0.283632287,8.113861193,0.014015844
jumbo bag red retrospot,jumbo storage bag skulls,0.157024793,6.043613103,0.013683452
jumbo bag red retrospot,jumbo bag strawberry,0.258741259,7.241144902,0.022547227
jumbo bag red retrospot,red retrospot charlotte bag,0.174825175,4.305278623,0.015234613
jumbo bag red retrospot,lunch bag suki design,0.147488875,2.984665559,0.012852474
jumbo bag red retrospot,jumbo bag alphabet,0.186268277,4.593345179,0.016231788
jumbo bag red retrospot,jumbo bag owls,0.127145582,5.695049368,0.011079719
jumbo bag red retrospot,jumbo shopper vintage red paisley,0.24920534,5.752436821,0.021716248
jumbo bag red retrospot,lunch bag woodland,0.115066751,2.577009839,0.010027145
jumbo bag red retrospot,white hanging heart t-light holder,0.15511761,1.459107854,0.013517257
jumbo bag red retrospot,lunch bag spaceboy design,0.134774317,2.487537003,0.011744502
jumbo bag red retrospot,jumbo bag pink polkadot,0.343293071,7.172202797,0.02991524
jumbo bag red retrospot,jumbo bag vintage doily,0.181182454,5.388013963,0.015788599
jumbo bag red retrospot,jumbo storage bag suki,0.273998729,6.440040428,0.023876794
jumbo bag red retrospot,jumbo  bag baroque black white,0.226954863,6.391204739,0.019777298
jumbo bag red retrospot,jumbo bag pears,0.128417038,5.017437108,0.011190516
jumbo bag red retrospot,jumbo bag vintage leaf,0.216147489,5.195310681,0.018835522
jumbo bag red retrospot,lunch bag red retrospot,0.266369994,3.797981639,0.02321201
jumbo bag red retrospot,lunch bag cars blue,0.160203433,3.050455873,0.013960445
jumbo bag red retrospot,jumbo bag apples,0.219961856,5.63195953,0.019167913
jumbo bag red retrospot,lunch bag apple design,0.13986014,2.963163597,0.01218769
jumbo bag red retrospot,jumbo bag woodland animals,0.165289256,6.151827554,0.014403634
jumbo bag red retrospot,jumbo bag pink vintage paisley,0.207247298,6.319292194,0.018059941
jumbo bag red retrospot,jumbo bag spaceboy design,0.16719644,6.407776936,0.01456983
jumbo bag red retrospot,lunch bag  black skull.,0.170375079,2.960000538,0.014846823
jumbo bag red retrospot,lunch bag pink polkadot,0.173553719,3.427591009,0.015123816
jumbo bag red retrospot,jumbo bag scandinavian blue paisley,0.16719644,6.782163904,0.01456983
set/6 red spotty paper cups,set/6 red spotty paper plates,0.823741007,47.05490165,0.012686278
set/6 red spotty paper cups,set/20 red retrospot paper napkins,0.669064748,16.96248282,0.010304138
"lunch bag spaceboy design, lunch bag  black skull.",lunch bag suki design,0.525423729,10.63276203,0.012021495
"lunch bag spaceboy design, lunch bag  black skull.",lunch bag woodland,0.501210654,11.22500436,0.011467509
"lunch bag spaceboy design, lunch bag  black skull.",lunch bag dolly girl design,0.440677966,13.5514105,0.010082544
"lunch bag spaceboy design, lunch bag  black skull.",lunch bag red retrospot,0.612590799,8.734499616,0.014015844
"lunch bag spaceboy design, lunch bag  black skull.",lunch bag cars blue,0.532687651,10.14297974,0.01218769
"lunch bag spaceboy design, lunch bag  black skull.",lunch bag pink polkadot,0.537530266,10.61592871,0.012298488
childrens cutlery dolly girl,childrens cutlery spaceboy,0.775665399,45.02101647,0.011301313
alarm clock bakelike pink,alarm clock bakelike ivory,0.387205387,15.1614847,0.012741676
alarm clock bakelike pink,alarm clock bakelike red,0.641414141,13.5417154,0.021106864
alarm clock bakelike pink,alarm clock bakelike green,0.567340067,13.11274719,0.018669326
pink cream felt craft trinket box,pink blue felt craft trinket box,0.442125237,17.65664305,0.012907872
vintage snap cards,vintage heads and tails card game,0.357247438,13.6335592,0.013517257
"alarm clock bakelike pink, alarm clock bakelike red",alarm clock bakelike green,0.68503937,15.83309305,0.014459033
scottie dog hot water bottle,retrospot heart hot water bottle,0.330745342,11.4813157,0.0117999
scottie dog hot water bottle,chocolate hot water bottle,0.363354037,9.673899302,0.012963271
lunch bag spaceboy design,lunch bag suki design,0.384458078,7.780103992,0.020829871
lunch bag spaceboy design,lunch bag vintage leaf design,0.229038855,7.031259129,0.012409285
lunch bag spaceboy design,lunch bag woodland,0.411042945,9.205628035,0.022270234
lunch bag spaceboy design,lunch bag dolly girl design,0.358895706,11.0365015,0.019444906
lunch bag spaceboy design,jumbo bag red retrospot,0.216768916,2.487537003,0.011744502
lunch bag spaceboy design,lunch bag red retrospot,0.470347648,6.706354975,0.025483353
lunch bag spaceboy design,lunch bag  black skull.,0.422290389,7.336635037,0.022879619
lunch bag spaceboy design,white hanging heart t-light holder,0.188139059,1.769722855,0.010193341
lunch bag spaceboy design,lunch bag vintage doily,0.192229039,6.571830266,0.010414935
lunch bag spaceboy design,lunch bag cars blue,0.394683027,7.515214465,0.021383857
lunch bag spaceboy design,lunch bag apple design,0.312883436,6.628942366,0.016951969
lunch bag spaceboy design,lunch bag alphabet design,0.247443763,7.078617055,0.013406459
lunch bag spaceboy design,spaceboy lunch box,0.202453988,5.311768797,0.010968921
lunch bag spaceboy design,lunch bag pink polkadot,0.371165644,7.330318428,0.020109689
"lunch bag woodland, lunch bag red retrospot",lunch bag cars blue,0.526932084,10.03338719,0.012464683
"lunch bag woodland, lunch bag red retrospot",lunch bag  black skull.,0.529274005,9.195308045,0.012520082
"lunch bag woodland, lunch bag red retrospot",lunch bag suki design,0.515222482,10.42632403,0.01218769
"lunch bag woodland, lunch bag red retrospot",lunch bag spaceboy design,0.597189696,11.02236318,0.014126641
"lunch bag woodland, lunch bag red retrospot",lunch bag apple design,0.444964871,9.427301514,0.010525733
"lunch bag woodland, lunch bag red retrospot",lunch bag pink polkadot,0.548009368,10.82288523,0.012963271
christmas craft tree top angel,christmas craft little friends,0.577380952,25.11398451,0.010747327
hot water bottle tea and sympathy,hot water bottle i am so poorly,0.367063492,13.52216958,0.01024874
hot water bottle tea and sympathy,hot water bottle keep calm,0.452380952,11.53379742,0.012630879
hot water bottle tea and sympathy,chocolate hot water bottle,0.507936508,13.52324765,0.01418204
"lunch bag dolly girl design, lunch bag woodland",lunch bag spaceboy design,0.745967742,13.7683678,0.01024874
"lunch bag apple design, lunch bag pink polkadot",lunch bag red retrospot,0.665505226,9.48896907,0.010581131
"jumbo bag pink vintage paisley, jumbo bag pink polkadot",jumbo bag red retrospot,0.725099602,8.320898225,0.010082544
"jumbo bag strawberry, jumbo bag red retrospot",jumbo bag pink polkadot,0.567567568,11.85782658,0.012797075
jumbo bag apples,jumbo bag pears,0.436879433,17.06950355,0.017062767
jumbo bag apples,jumbo bag alphabet,0.381560284,9.409214045,0.014902221
jumbo bag apples,jumbo storage bag suki,0.272340426,6.40106383,0.01063653
jumbo bag apples,jumbo bag red retrospot,0.490780142,5.63195953,0.019167913
jumbo bag apples,lunch bag red retrospot,0.278014184,3.964007933,0.010858124
jumbo bag apples,jumbo bag vintage leaf,0.391489362,9.409819531,0.015290012
jumbo bag apples,jumbo bag pink polkadot,0.313475177,6.549236604,0.012243089
jumbo bag apples,lunch bag apple design,0.414184397,8.775167316,0.016176389
green regency teacup and saucer,pink regency teacup and saucer,0.661562021,22.70314838,0.023932192
green regency teacup and saucer,regency cakestand 3 tier,0.532924962,5.912617384,0.01927871
green regency teacup and saucer,roses regency teacup and saucer,0.774885145,19.05647379,0.028031688
paper chain kit 50s christmas,jumbo bag 50s christmas,0.187954309,5.859694715,0.010027145
paper chain kit 50s christmas,paper chain kit vintage christmas,0.46105919,12.09677244,0.024596975
feltcraft cushion butterfly,feltcraft cushion rabbit,0.683098592,39.02092619,0.010747327
alarm clock bakelike ivory,alarm clock bakelike red,0.670281996,14.15118164,0.017118165
alarm clock bakelike ivory,alarm clock bakelike green,0.590021692,13.63698023,0.015068417
alarm clock bakelike ivory,alarm clock bakelike pink,0.498915401,15.1614847,0.012741676
love building block word,home building block word,0.491743119,13.07283512,0.014846823
small dolly mix design orange bowl,small marshmallows pink bowl,0.623595506,39.49657008,0.012298488
lunch bag alphabet design,lunch bag vintage leaf design,0.380348653,11.67631553,0.013295662
lunch bag alphabet design,jumbo bag alphabet,0.358161648,8.832207529,0.012520082
lunch bag alphabet design,lunch bag woodland,0.312202853,6.992026914,0.010913523
lunch bag alphabet design,lunch bag red retrospot,0.402535658,5.739471688,0.014071243
lunch bag alphabet design,lunch bag cars blue,0.359746434,6.849981945,0.012575481
lunch bag alphabet design,lunch bag suki design,0.400950872,8.113861193,0.014015844
lunch bag alphabet design,lunch bag  black skull.,0.380348653,6.607962978,0.013295662
lunch bag alphabet design,lunch bag spaceboy design,0.383518225,7.078617055,0.013406459
lunch bag alphabet design,lunch bag apple design,0.477020602,10.1064541,0.016674976
lunch bag alphabet design,lunch bag pink polkadot,0.350237718,6.917003333,0.012243089
"lunch bag pink polkadot, lunch bag  black skull., lunch bag red retrospot",lunch bag cars blue,0.631229236,12.01932377,0.010525733
regency tea plate green,regency tea plate roses,0.841463415,50.46264484,0.011467509
regency tea plate green,regency tea plate pink,0.735772358,66.07675039,0.010027145
"pink regency teacup and saucer, regency cakestand 3 tier",green regency teacup and saucer,0.871080139,24.0794297,0.013849648
"pink regency teacup and saucer, regency cakestand 3 tier",roses regency teacup and saucer,0.846689895,20.82234237,0.013461858
gardeners kneeling pad cup of tea,gardeners kneeling pad keep calm,0.730586371,17.60722908,0.025538751
jumbo bag scandinavian blue paisley,jumbo bag red retrospot,0.591011236,6.782163904,0.01456983
jumbo bag scandinavian blue paisley,jumbo bag pink vintage paisley,0.530337079,16.1708017,0.013074068
jumbo bag scandinavian blue paisley,jumbo bag pink polkadot,0.420224719,8.779486579,0.010359537
jumbo bag scandinavian blue paisley,jumbo shopper vintage red paisley,0.442696629,10.21881951,0.010913523
"lunch bag dolly girl design, lunch bag red retrospot",lunch bag spaceboy design,0.695364238,12.83437614,0.011633705
red  harmonica in box,blue harmonica in box,0.488888889,17.64986667,0.014625229
lunch bag woodland,lunch bag vintage leaf design,0.23325062,7.160556034,0.010414935
lunch bag woodland,jumbo bag red retrospot,0.224565757,2.577009839,0.010027145
lunch bag woodland,lunch bag red retrospot,0.529776675,7.5537115,0.023655199
lunch bag woodland,lunch bag cars blue,0.437965261,8.339357509,0.019555703
lunch bag woodland,lunch bag  black skull.,0.425558313,7.393410108,0.019001717
lunch bag woodland,lunch bag suki design,0.377171216,7.632643069,0.016841172
lunch bag woodland,lunch bag spaceboy design,0.498759305,9.205628035,0.022270234
lunch bag woodland,lunch bag apple design,0.364764268,7.728121833,0.016287186
lunch bag woodland,lunch bag pink polkadot,0.390818859,7.718458661,0.017450557
lunch bag woodland,lunch bag dolly girl design,0.307692308,9.461931595,0.013738851
lunch bag woodland,lunch bag alphabet design,0.244416873,6.992026914,0.010913523
heart of wicker small,small white heart of wicker,0.213149523,6.668218433,0.011135117
heart of wicker small,white hanging heart t-light holder,0.275715801,2.593510118,0.014403634
heart of wicker small,heart of wicker large,0.424178155,9.643375155,0.022159437
alarm clock bakelike chocolate,alarm clock bakelike red,0.698717949,14.75152946,0.012076893
alarm clock bakelike chocolate,alarm clock bakelike green,0.663461538,15.33437161,0.011467509
vintage heads and tails card game,vintage snap cards,0.515856237,13.6335592,0.013517257
set of 3 regency cake tins,regency cakestand 3 tier,0.335787923,3.725450403,0.012630879
lunch bag vintage leaf design,lunch bag alphabet design,0.408163265,11.67631553,0.013295662
lunch bag vintage leaf design,lunch bag woodland,0.319727891,7.160556034,0.010414935
lunch bag vintage leaf design,lunch bag red retrospot,0.445578231,6.35318535,0.014514431
lunch bag vintage leaf design,lunch bag cars blue,0.340136054,6.476577973,0.011079719
lunch bag vintage leaf design,lunch bag suki design,0.428571429,8.672805894,0.013960445
lunch bag vintage leaf design,lunch bag  black skull.,0.413265306,7.179838345,0.013461858
lunch bag vintage leaf design,lunch bag spaceboy design,0.380952381,7.031259129,0.012409285
lunch bag vintage leaf design,jumbo bag vintage leaf,0.343537415,8.257248838,0.011190516
lunch bag vintage leaf design,lunch bag apple design,0.511904762,10.84553152,0.016674976
lunch bag vintage leaf design,lunch bag pink polkadot,0.333333333,6.583150985,0.010858124
scandinavian paisley picnic bag,pink vintage paisley picnic bag,0.627831715,40.76615213,0.010747327
hand warmer red love heart,hand warmer owl design,0.546195652,17.35805936,0.011135117
"lunch bag pink polkadot, lunch bag spaceboy design",lunch bag woodland,0.545454545,12.21588089,0.010968921
"lunch bag pink polkadot, lunch bag spaceboy design",lunch bag cars blue,0.603305785,11.48762946,0.012132292
"lunch bag pink polkadot, lunch bag spaceboy design",lunch bag red retrospot,0.680440771,9.701924458,0.013683452
"lunch bag pink polkadot, lunch bag spaceboy design",lunch bag  black skull.,0.611570248,10.62507656,0.012298488
round snack boxes set of 4 fruits,round snack boxes set of4 woodland,0.575221239,17.71897369,0.014403634
red kitchen scales,ivory kitchen scales,0.575471698,17.84852169,0.013517257
charlotte bag apples design,red retrospot charlotte bag,0.498812352,12.2838496,0.011633705
charlotte bag apples design,lunch bag apple design,0.432304038,9.159061256,0.010082544
charlotte bag dolly girl design,red retrospot charlotte bag,0.547058824,13.47197657,0.010304138
party bunting,spotty bunting,0.281273131,5.180878865,0.021051465
party bunting,regency cakestand 3 tier,0.163582531,1.81489138,0.012243089
party bunting,assorted colour bird ornament,0.139896373,1.85955039,0.010470334
party bunting,white hanging heart t-light holder,0.202072539,1.900787597,0.015123816
"green regency teacup and saucer, roses regency teacup and saucer, regency cakestand 3 tier",pink regency teacup and saucer,0.762237762,26.15808716,0.012076893
"pink regency teacup and saucer, green regency teacup and saucer, roses regency teacup and saucer",regency cakestand 3 tier,0.600550964,6.662904397,0.012076893
strawberry ceramic trinket box,sweetheart ceramic trinket box,0.407630522,19.56951743,0.011245914
plasters in tin spaceboy,plasters in tin strongman,0.329246935,13.72571923,0.010414935
plasters in tin spaceboy,plasters in tin woodland animals,0.506129597,15.86136347,0.016010193
plasters in tin spaceboy,plasters in tin vintage paisley,0.316987741,12.14850469,0.010027145
plasters in tin spaceboy,plasters in tin circus parade,0.420315236,15.1439328,0.013295662
"lunch bag suki design, lunch bag pink polkadot",lunch bag red retrospot,0.702247191,10.0128468,0.013849648
"lunch bag suki design, lunch bag pink polkadot",lunch bag cars blue,0.573033708,10.91121462,0.011301313
"lunch bag suki design, lunch bag pink polkadot",lunch bag  black skull.,0.617977528,10.73639303,0.01218769
poppys playhouse livingroom,poppys playhouse bedroom,0.81147541,47.71316815,0.010968921
poppys playhouse livingroom,poppys playhouse kitchen,0.852459016,45.79683841,0.011522907
blue stripe ceramic drawer knob,red stripe ceramic drawer knob,0.594202899,33.72942302,0.011356712
set of 12 fairy cake baking cases,set of 12 mini loaf baking cases,0.534368071,27.48113404,0.013351061
set of 12 fairy cake baking cases,set of 6 tea time baking cases,0.461197339,26.94198437,0.011522907
set of 12 fairy cake baking cases,set of 6 snack loaf baking cases,0.425720621,27.5436664,0.01063653
"jumbo bag pink polkadot, jumbo bag red retrospot",jumbo bag strawberry,0.427777778,11.97180879,0.012797075
"jumbo bag pink polkadot, jumbo bag red retrospot",jumbo shopper vintage red paisley,0.346296296,7.993599034,0.010359537
"jumbo bag pink polkadot, jumbo bag red retrospot",lunch bag red retrospot,0.342592593,4.884785852,0.01024874
"jumbo bag pink polkadot, jumbo bag red retrospot",jumbo storage bag suki,0.405555556,9.532139757,0.012132292
"jumbo bag pink polkadot, jumbo bag red retrospot",jumbo bag pink vintage paisley,0.337037037,10.27678303,0.010082544
"jumbo bag strawberry, jumbo bag pink polkadot",jumbo bag red retrospot,0.79109589,9.078240253,0.012797075
regency cakestand 3 tier,white hanging heart t-light holder,0.138905962,1.30661361,0.012520082
regency cakestand 3 tier,set of 3 regency cake tins,0.140135218,3.725450403,0.012630879
regency cakestand 3 tier,assorted colour bird ornament,0.138905962,1.846385507,0.012520082
regency cakestand 3 tier,party bunting,0.135832821,1.81489138,0.012243089
regency cakestand 3 tier,pink regency teacup and saucer,0.176398279,6.053546264,0.015899396
regency cakestand 3 tier,green regency teacup and saucer,0.213890596,5.912617384,0.01927871
regency cakestand 3 tier,set of 3 cake tins pantry design,0.125384143,2.035349962,0.011301313
regency cakestand 3 tier,roses regency teacup and saucer,0.237861094,5.849632982,0.021439255
"lunch bag cars blue, lunch bag  black skull., lunch bag red retrospot",lunch bag pink polkadot,0.736434109,14.54417078,0.010525733
plasters in tin strongman,plasters in tin circus parade,0.487297921,17.55731493,0.011689103
plasters in tin strongman,plasters in tin spaceboy,0.434180139,13.72571923,0.010414935
plasters in tin strongman,plasters in tin woodland animals,0.45034642,14.11320006,0.010802726
lunch bag dolly girl design,lunch bag woodland,0.422487223,9.461931595,0.013738851
lunch bag dolly girl design,lunch bag red retrospot,0.514480409,7.335612844,0.016730375
lunch bag dolly girl design,lunch bag cars blue,0.407155026,7.752695534,0.013240264
lunch bag dolly girl design,lunch bag suki design,0.432708688,8.756529744,0.014071243
lunch bag dolly girl design,lunch bag  black skull.,0.444633731,7.724815664,0.014459033
lunch bag dolly girl design,lunch bag spaceboy design,0.597955707,11.0365015,0.019444906
lunch bag dolly girl design,lunch bag apple design,0.34241908,7.254702834,0.011135117
lunch bag dolly girl design,lunch bag pink polkadot,0.393526405,7.771931231,0.012797075
toilet metal sign,bathroom metal sign,0.744966443,32.71870867,0.012298488
"lunch bag suki design, lunch bag red retrospot",lunch bag cars blue,0.524553571,9.988097593,0.013018669
"lunch bag suki design, lunch bag red retrospot",lunch bag  black skull.,0.558035714,9.694997766,0.013849648
"lunch bag suki design, lunch bag red retrospot",lunch bag spaceboy design,0.508928571,9.393322743,0.012630879
"lunch bag suki design, lunch bag red retrospot",lunch bag pink polkadot,0.558035714,11.02090009,0.013849648
"lunch bag suki design, lunch bag red retrospot",lunch bag woodland,0.491071429,10.99792848,0.01218769
"lunch bag suki design, lunch bag red retrospot",lunch bag apple design,0.482142857,10.21497736,0.011966096
pink blue felt craft trinket box,pink cream felt craft trinket box,0.515486726,17.65664305,0.012907872
hand warmer owl design,hand warmer union jack,0.367957746,15.06123647,0.011578306
hand warmer owl design,hand warmer scotty dog design,0.492957746,19.01363308,0.015511606
hand warmer owl design,hand warmer bird design,0.470070423,17.93919915,0.014791424
hand warmer owl design,hand warmer red retrospot,0.329225352,17.53052163,0.010359537
hand warmer owl design,hand warmer red love heart,0.353873239,17.35805936,0.011135117
"lunch bag woodland, lunch bag spaceboy design",lunch bag cars blue,0.517412935,9.852131746,0.011522907
"lunch bag woodland, lunch bag spaceboy design",lunch bag suki design,0.450248756,9.111480155,0.010027145
"lunch bag woodland, lunch bag spaceboy design",lunch bag red retrospot,0.634328358,9.044440122,0.014126641
"lunch bag woodland, lunch bag spaceboy design",lunch bag  black skull.,0.514925373,8.946023013,0.011467509
"lunch bag woodland, lunch bag spaceboy design",lunch bag pink polkadot,0.492537313,9.7273425,0.010968921
"lunch bag woodland, lunch bag spaceboy design",lunch bag dolly girl design,0.460199005,14.15170739,0.01024874
wooden frame antique white,wood 2 drawer cabinet white finish,0.23125,8.249592391,0.01024874
wooden frame antique white,wooden picture frame white finish,0.5825,12.08587069,0.025815744
wooden frame antique white,white hanging heart t-light holder,0.31625,2.974793512,0.014015844
set of 3 butterfly cookie cutters,set of 3 heart cookie cutters,0.490721649,17.36865979,0.013184865
wooden heart christmas scandinavian,wooden star christmas scandinavian,0.691275168,29.99569244,0.017118165
wooden heart christmas scandinavian,wooden tree christmas scandinavian,0.427293065,29.21616331,0.010581131
"lunch bag apple design, lunch bag red retrospot",lunch bag woodland,0.494791667,11.08124612,0.010525733
"lunch bag apple design, lunch bag red retrospot",lunch bag  black skull.,0.5234375,9.093907904,0.011135117
"lunch bag apple design, lunch bag red retrospot",lunch bag suki design,0.5625,11.38305774,0.011966096
"lunch bag apple design, lunch bag red retrospot",lunch bag spaceboy design,0.502604167,9.276592855,0.010691928
"lunch bag apple design, lunch bag red retrospot",lunch bag pink polkadot,0.497395833,9.82329561,0.010581131
hand warmer union jack,hand warmer owl design,0.473922902,15.06123647,0.011578306
hand warmer union jack,hand warmer scotty dog design,0.430839002,16.61768126,0.010525733
regency milk jug pink,regency sugar bowl green,0.751020408,56.2517402,0.010193341
"lunch bag apple design, lunch bag spaceboy design",lunch bag suki design,0.594771242,12.03611624,0.010082544
"lunch bag apple design, lunch bag spaceboy design",lunch bag red retrospot,0.630718954,8.992976179,0.010691928
poppys playhouse kitchen,poppys playhouse livingroom,0.619047619,45.79683841,0.011522907
poppys playhouse kitchen,poppys playhouse bedroom,0.732142857,43.0485691,0.013628054
60 cake cases dolly girl design,pack of 72 retrospot cake cases,0.543026706,9.881224873,0.010137942
lunch bag doiley pattern,jumbo bag doiley patterns,0.462882096,18.56774381,0.011744502
lunch bag doiley pattern,lunch bag apple design,0.419213974,8.881727043,0.01063653
"lunch bag pink polkadot, lunch bag cars blue, lunch bag red retrospot",lunch bag  black skull.,0.695970696,12.09140234,0.010525733
red hanging heart t-light holder,white hanging heart t-light holder,0.66616085,6.266216519,0.024319982
wooden tree christmas scandinavian,wooden heart christmas scandinavian,0.723484848,29.21616331,0.010581131
wooden tree christmas scandinavian,wooden star christmas scandinavian,0.818181818,35.50240385,0.011966096
"lunch bag woodland, lunch bag suki design",lunch bag red retrospot,0.723684211,10.31850212,0.01218769
"lunch bag woodland, lunch bag suki design",lunch bag  black skull.,0.605263158,10.51550073,0.010193341
"lunch bag woodland, lunch bag suki design",lunch bag spaceboy design,0.595394737,10.98923353,0.010027145
"jumbo storage bag suki, jumbo shopper vintage red paisley",jumbo bag red retrospot,0.742971888,8.52599208,0.01024874
"lunch bag woodland, lunch bag apple design",lunch bag red retrospot,0.646258503,9.214543637,0.010525733
hand warmer scotty dog design,hand warmer union jack,0.405982906,16.61768126,0.010525733
hand warmer scotty dog design,hand warmer owl design,0.598290598,19.01363308,0.015511606
hand warmer scotty dog design,hand warmer bird design,0.512820513,19.5706619,0.013295662
"lunch bag pink polkadot, lunch bag cars blue, lunch bag  black skull.",lunch bag red retrospot,0.739299611,10.54115109,0.010525733
small white heart of wicker,heart of wicker small,0.348353553,6.668218433,0.011135117
small white heart of wicker,large white heart of wicker,0.485268631,17.38012709,0.015511606
"green regency teacup and saucer, roses regency teacup and saucer",pink regency teacup and saucer,0.717391304,24.61906927,0.020109689
"green regency teacup and saucer, roses regency teacup and saucer",regency cakestand 3 tier,0.565217391,6.270890676,0.015843998
charlotte bag pink polkadot,woodland charlotte bag,0.400414938,13.79368329,0.010691928
charlotte bag pink polkadot,red retrospot charlotte bag,0.663900415,16.34934023,0.01772755
charlotte bag pink polkadot,charlotte bag suki design,0.466804979,14.55318943,0.012464683
charlotte bag pink polkadot,strawberry charlotte bag,0.429460581,15.95101429,0.011467509
red diner wall clock,ivory diner wall clock,0.476190476,22.73998488,0.010525733
pack of 60 spaceboy cake cases,pack of 60 dinosaur cake cases,0.460559796,16.30110762,0.010027145
pack of 60 spaceboy cake cases,pack of 72 retrospot cake cases,0.526717557,9.58445426,0.011467509
jumbo  bag baroque black white,jumbo storage bag suki,0.374414977,8.800214509,0.013295662
jumbo  bag baroque black white,jumbo bag strawberry,0.315132605,8.819315749,0.011190516
jumbo  bag baroque black white,jumbo bag red retrospot,0.556942278,6.391204739,0.019777298
jumbo  bag baroque black white,jumbo bag pink polkadot,0.386895476,8.083159993,0.013738851
jumbo  bag baroque black white,jumbo shopper vintage red paisley,0.368174727,8.498621479,0.013074068
alarm clock bakelike green,alarm clock bakelike orange,0.277848912,14.28903335,0.012021495
alarm clock bakelike green,alarm clock bakelike red,0.670934699,14.1649617,0.029028863
alarm clock bakelike green,alarm clock bakelike chocolate,0.265044814,15.33437161,0.011467509
alarm clock bakelike green,alarm clock bakelike ivory,0.348271447,13.63698023,0.015068417
alarm clock bakelike green,alarm clock bakelike pink,0.431498079,13.11274719,0.018669326
jumbo bag pink polkadot,jumbo storage bag skulls,0.239583333,9.221148721,0.011467509
jumbo bag pink polkadot,jumbo bag strawberry,0.337962963,9.458247201,0.016176389
jumbo bag pink polkadot,jumbo bag alphabet,0.226851852,5.594129478,0.010858124
jumbo bag pink polkadot,jumbo shopper vintage red paisley,0.28125,6.492127558,0.013461858
jumbo bag pink polkadot,jumbo bag red retrospot,0.625,7.172202797,0.02991524
jumbo bag pink polkadot,lunch bag red retrospot,0.275462963,3.927631868,0.013184865
jumbo bag pink polkadot,lunch bag cars blue,0.209490741,3.988942364,0.010027145
jumbo bag pink polkadot,lunch bag  black skull.,0.228009259,3.961304272,0.010913523
jumbo bag pink polkadot,lunch bag pink polkadot,0.283564815,5.60024997,0.013572655
jumbo bag pink polkadot,jumbo storage bag suki,0.324074074,7.617006655,0.015511606
jumbo bag pink polkadot,jumbo  bag baroque black white,0.287037037,8.083159993,0.013738851
jumbo bag pink polkadot,jumbo bag vintage leaf,0.226851852,5.452600237,0.010858124
jumbo bag pink polkadot,jumbo bag apples,0.255787037,6.549236604,0.012243089
jumbo bag pink polkadot,jumbo bag woodland animals,0.228009259,8.486175544,0.010913523
jumbo bag pink polkadot,jumbo bag pink vintage paisley,0.290509259,8.858078782,0.013905047
jumbo bag pink polkadot,jumbo bag spaceboy design,0.232638889,8.915848372,0.011135117
jumbo bag pink polkadot,jumbo bag scandinavian blue paisley,0.216435185,8.779486579,0.010359537
feltcraft cushion owl,feltcraft cushion rabbit,0.480392157,27.44164185,0.010858124
set/6 red spotty paper plates,set/6 red spotty paper cups,0.724683544,47.05490165,0.012686278
set/6 red spotty paper plates,set/20 red retrospot paper napkins,0.699367089,17.73072376,0.012243089
jam making set with jars,jam making set printed,0.34725537,7.56128671,0.016120991
jam making set with jars,set of 3 cake tins pantry design,0.278042959,4.513447357,0.012907872
"lunch bag pink polkadot, lunch bag cars blue",lunch bag suki design,0.48456057,9.805832792,0.011301313
"lunch bag pink polkadot, lunch bag cars blue",lunch bag woodland,0.458432304,10.26694978,0.010691928
"lunch bag pink polkadot, lunch bag cars blue",lunch bag red retrospot,0.648456057,9.245877002,0.015123816
"lunch bag pink polkadot, lunch bag cars blue",lunch bag  black skull.,0.610451306,10.6056367,0.014237438
"lunch bag pink polkadot, lunch bag cars blue",lunch bag spaceboy design,0.520190024,9.601175991,0.012132292
"lunch bag  black skull., lunch bag red retrospot",lunch bag suki design,0.492125984,9.958930652,0.013849648
"lunch bag  black skull., lunch bag red retrospot",lunch bag woodland,0.44488189,9.963477658,0.012520082
"lunch bag  black skull., lunch bag red retrospot",lunch bag spaceboy design,0.498031496,9.192194822,0.014015844
"lunch bag  black skull., lunch bag red retrospot",lunch bag cars blue,0.507874016,9.67049985,0.014292837
"lunch bag  black skull., lunch bag red retrospot",lunch bag apple design,0.395669291,8.38289481,0.011135117
"lunch bag  black skull., lunch bag red retrospot",lunch bag pink polkadot,0.592519685,11.70193964,0.016674976
recipe box pantry yellow design,recipe box retrospot,0.25093633,10.58329833,0.011135117
recipe box pantry yellow design,set of 3 cake tins pantry design,0.31710362,5.147515695,0.014071243
"lunch bag cars blue, lunch bag  black skull.",lunch bag suki design,0.529976019,10.72488467,0.012243089
"lunch bag cars blue, lunch bag  black skull.",lunch bag woodland,0.460431655,10.3117268,0.01063653
"lunch bag cars blue, lunch bag  black skull.",lunch bag red retrospot,0.618705036,8.821678202,0.014292837
"lunch bag cars blue, lunch bag  black skull.",lunch bag spaceboy design,0.527577938,9.737535125,0.01218769
"lunch bag cars blue, lunch bag  black skull.",lunch bag pink polkadot,0.616306954,12.1717252,0.014237438
lunch bag pink polkadot,lunch bag suki design,0.389496718,7.882068668,0.019721899
lunch bag pink polkadot,lunch bag vintage leaf design,0.214442013,6.583150985,0.010858124
lunch bag pink polkadot,lunch bag woodland,0.34463895,7.718458661,0.017450557
lunch bag pink polkadot,lunch bag dolly girl design,0.25273523,7.771931231,0.012797075
lunch bag pink polkadot,jumbo bag pink polkadot,0.268052516,5.60024997,0.013572655
lunch bag pink polkadot,lunch bag apple design,0.314004376,6.652691312,0.015899396
lunch bag pink polkadot,lunch bag alphabet design,0.241794311,6.917003333,0.012243089
lunch bag pink polkadot,jumbo bag red retrospot,0.29868709,3.427591009,0.015123816
lunch bag pink polkadot,lunch bag red retrospot,0.557986871,7.955940763,0.028253282
lunch bag pink polkadot,lunch bag cars blue,0.460612691,8.770590394,0.023322808
lunch bag pink polkadot,lunch bag  black skull.,0.497811816,8.648701727,0.02520636
lunch bag pink polkadot,lunch bag spaceboy design,0.397155361,7.330318428,0.020109689
lunch bag pink polkadot,white hanging heart t-light holder,0.211159737,1.986265982,0.010691928
"lunch bag woodland, lunch bag  black skull.",lunch bag cars blue,0.559766764,10.65859689,0.01063653
"lunch bag woodland, lunch bag  black skull.",lunch bag red retrospot,0.658892128,9.394677573,0.012520082
"lunch bag woodland, lunch bag  black skull.",lunch bag suki design,0.536443149,10.85575704,0.010193341
"lunch bag woodland, lunch bag  black skull.",lunch bag spaceboy design,0.603498542,11.13880592,0.011467509
"lunch bag woodland, lunch bag  black skull.",lunch bag pink polkadot,0.56851312,11.22782311,0.010802726
lunch bag  black skull.,jumbo storage bag skulls,0.178055823,6.853061107,0.01024874
lunch bag  black skull.,red retrospot charlotte bag,0.191530318,4.716662706,0.01102432
lunch bag  black skull.,lunch bag suki design,0.390760346,7.907640151,0.022491829
lunch bag  black skull.,lunch bag vintage leaf design,0.23387873,7.179838345,0.013461858
lunch bag  black skull.,lunch bag woodland,0.33012512,7.393410108,0.019001717
lunch bag  black skull.,lunch bag dolly girl design,0.25120308,7.724815664,0.014459033
lunch bag  black skull.,lunch bag spaceboy design,0.397497594,7.336635037,0.022879619
lunch bag  black skull.,jumbo bag pink polkadot,0.18960539,3.961304272,0.010913523
lunch bag  black skull.,jumbo storage bag suki,0.176130895,4.139764046,0.010137942
lunch bag  black skull.,lunch bag vintage doily,0.190567854,6.515038499,0.010968921
lunch bag  black skull.,lunch bag cars blue,0.401347449,7.642112669,0.023101213
lunch bag  black skull.,lunch bag apple design,0.304138595,6.44366875,0.017505955
lunch bag  black skull.,lunch bag alphabet design,0.230991338,6.607962978,0.013295662
lunch bag  black skull.,jumbo bag red retrospot,0.257940327,2.960000538,0.014846823
lunch bag  black skull.,lunch bag red retrospot,0.488931665,6.971331348,0.028142485
lunch bag  black skull.,white hanging heart t-light holder,0.177093359,1.665821899,0.010193341
lunch bag  black skull.,lunch bag pink polkadot,0.437921078,8.648701727,0.02520636
wooden picture frame white finish,white hanging heart t-light holder,0.351724138,3.308479632,0.016951969
wooden picture frame white finish,wood 2 drawer cabinet white finish,0.227586207,8.118890555,0.010968921
wooden picture frame white finish,wooden frame antique white,0.535632184,12.08587069,0.025815744
jumbo bag spaceboy design,jumbo storage bag suki,0.418259023,9.830720873,0.010913523
jumbo bag spaceboy design,jumbo bag red retrospot,0.558386412,6.407776936,0.01456983
jumbo bag spaceboy design,jumbo bag pink polkadot,0.426751592,8.915848372,0.011135117
jumbo storage bag skulls,jumbo storage bag suki,0.417910448,9.822527985,0.010858124
jumbo storage bag skulls,jumbo bag red retrospot,0.526652452,6.043613103,0.013683452
jumbo storage bag skulls,lunch bag  black skull.,0.39445629,6.853061107,0.01024874
jumbo storage bag skulls,jumbo bag pink polkadot,0.441364606,9.221148721,0.011467509
hand warmer bird design,hand warmer scotty dog design,0.507399577,19.5706619,0.013295662
hand warmer bird design,hand warmer owl design,0.56448203,17.93919915,0.014791424
white hanging heart t-light holder,candleholder pink hanging heart,0.125586243,6.91145509,0.013351061
white hanging heart t-light holder,wooden picture frame white finish,0.159458051,3.308479632,0.016951969
white hanging heart t-light holder,home building block word,0.106305367,2.826094531,0.011301313
white hanging heart t-light holder,regency cakestand 3 tier,0.117769672,1.30661361,0.012520082
white hanging heart t-light holder,jumbo bag red retrospot,0.127149557,1.459107854,0.013517257
white hanging heart t-light holder,lunch bag spaceboy design,0.095883273,1.769722855,0.010193341
white hanging heart t-light holder,assorted colour bird ornament,0.136529442,1.814795998,0.014514431
white hanging heart t-light holder,party bunting,0.142261595,1.900787597,0.015123816
white hanging heart t-light holder,natural slate heart chalkboard,0.136529442,2.591475252,0.014514431
white hanging heart t-light holder,red hanging heart t-light holder,0.228764982,6.266216519,0.024319982
white hanging heart t-light holder,lunch bag red retrospot,0.115164148,1.642044262,0.012243089
white hanging heart t-light holder,lunch bag cars blue,0.095362168,1.815804315,0.010137942
white hanging heart t-light holder,heart of wicker small,0.135487233,2.593510118,0.014403634
white hanging heart t-light holder,wooden frame antique white,0.1318395,2.974793512,0.014015844
white hanging heart t-light holder,set of 3 cake tins pantry design,0.099009901,1.607219175,0.010525733
white hanging heart t-light holder,heart of wicker large,0.149557061,3.400068649,0.015899396
white hanging heart t-light holder,lunch bag  black skull.,0.095883273,1.665821899,0.010193341
white hanging heart t-light holder,lunch bag pink polkadot,0.100573215,1.986265982,0.010691928
jumbo bag owls,jumbo bag red retrospot,0.496277916,5.695049368,0.011079719
baking set 9 piece retrospot,baking set spaceboy design,0.362864078,15.89820259,0.016564179
baking set 9 piece retrospot,retrospot tea set ceramic 11 pc,0.273058252,6.145853509,0.012464683
regency sugar bowl green,regency milk jug pink,0.763485477,56.2517402,0.010193341
hand over the chocolate   sign,gin + tonic diet metal sign,0.421052632,11.80189604,0.013738851
hand over the chocolate   sign,please one person metal sign,0.397283531,10.57723455,0.012963271
hand over the chocolate   sign,cook with wine metal sign,0.443123939,13.81490539,0.014459033
"jumbo bag pink vintage paisley, jumbo bag red retrospot",jumbo bag pink polkadot,0.558282209,11.6638335,0.010082544
"green regency teacup and saucer, regency cakestand 3 tier",pink regency teacup and saucer,0.718390805,24.65336961,0.013849648
"green regency teacup and saucer, regency cakestand 3 tier",roses regency teacup and saucer,0.82183908,20.21119515,0.015843998
