,source,target,value
306047,HEART OF WICKER LARGE,HEART OF WICKER SMALL,165
41461,ALARM CLOCK BAKELIKE GREEN,ALARM CLOCK BAKELIKE RED,142
480996,RED HANGING HEART T-LIGHT HOLDER,WHITE HANGING HEART T-LIGHT HOLDER,136
533903,SET OF 3 CAKE TINS PANTRY DESIGN,SET OF 6 SPICE TINS PANTRY DESIGN,130
314485,HOME BUILDING BLOCK WORD,LOVE BUILDING BLOCK WORD,122
306001,HEART OF WICKER LARGE,WHITE HANGING HEART T-LIGHT HOLDER,116
307222,HEART OF WICKER SMALL,WHITE HANGING HEART T-LIGHT HOLDER,114
626700,WOODEN FRAME ANTIQUE WHITE,WOODEN PICTURE FRAME WHITE FINISH,110
329782,JAM MAKING SET PRINTED,JAM MAKING SET WITH JARS,107
456, BACK DOOR,KEY FOB ,100
282910,GREEN REGENCY TEACUP AND SAUCER,ROSES REGENCY TEACUP AND SAUCER,99
118392,CANDLEHOLDER PINK HANGING HEART,WHITE HANGING HEART T-LIGHT HOLDER,98
4536, SHED,KEY FOB ,95
2786, GARAGE DESIGN,KEY FOB ,89
43640,ALARM CLOCK BAKELIKE PINK,ALARM CLOCK BAKELIKE RED,84
330685,JAM MAKING SET WITH JARS,SET OF 3 CAKE TINS PANTRY DESIGN,83
624072,WOOD 2 DRAWER CABINET WHITE FINISH,WOOD S/3 CABINET ANT WHITE FINISH,83
502288,RETROSPOT HEART HOT WATER BOTTLE,SCOTTIE DOG HOT WATER BOTTLE,82
396410,NATURAL SLATE HEART CHALKBOARD,WHITE HANGING HEART T-LIGHT HOLDER,79
618950,WHITE HANGING HEART T-LIGHT HOLDER,WOODEN PICTURE FRAME WHITE FINISH,79
192824,DOLLY GIRL LUNCH BOX,SPACEBOY LUNCH BOX,77
307113,HEART OF WICKER SMALL,NATURAL SLATE HEART CHALKBOARD,76
618940,WHITE HANGING HEART T-LIGHT HOLDER,WOODEN FRAME ANTIQUE WHITE,76
41470,ALARM CLOCK BAKELIKE GREEN,ALARM CLOCK BAKELIKE PINK,75
466130,POPPY'S PLAYHOUSE BEDROOM,POPPY'S PLAYHOUSE KITCHEN,75
150227,CHOCOLATE HOT WATER BOTTLE,SCOTTIE DOG HOT WATER BOTTLE,74
41462,ALARM CLOCK BAKELIKE GREEN,ALARM CLOCK BAKELIKE ORANGE,74
326847,IVORY KITCHEN SCALES,RED KITCHEN SCALES,74
42416,ALARM CLOCK BAKELIKE IVORY,ALARM CLOCK BAKELIKE RED,74
55229,ASSORTED COLOUR BIRD ORNAMENT,WHITE HANGING HEART T-LIGHT HOLDER,74
266533,GIN + TONIC DIET METAL SIGN,PLEASE ONE PERSON METAL SIGN,73
336867,JUMBO BAG RED RETROSPOT,JUMBO STORAGE BAG SUKI,73
34669,60 TEATIME FAIRY CAKE CASES,PACK OF 72 RETROSPOT CAKE CASES,73
170672,COOK WITH WINE METAL SIGN,PLEASE ONE PERSON METAL SIGN,72
364247,LUNCH BAG RED RETROSPOT,LUNCH BAG SPACEBOY DESIGN,71
43136,ALARM CLOCK BAKELIKE ORANGE,ALARM CLOCK BAKELIKE RED,71
427133,PAPER CHAIN KIT 50'S CHRISTMAS,PAPER CHAIN KIT VINTAGE CHRISTMAS,70
358158,LOVE BUILDING BLOCK WORD,WHITE HANGING HEART T-LIGHT HOLDER,70
283016,GREEN REGENCY TEACUP AND SAUCER,REGENCY CAKESTAND 3 TIER,70
361818,LUNCH BAG  BLACK SKULL.,LUNCH BAG RED RETROSPOT,70
41460,ALARM CLOCK BAKELIKE GREEN,ALARM CLOCK BAKELIKE IVORY,69
335791,JUMBO BAG PINK POLKADOT,JUMBO BAG RED RETROSPOT,69
533512,SET OF 3 BUTTERFLY COOKIE CUTTERS,SET OF 3 HEART COOKIE CUTTERS,68
364317,LUNCH BAG RED RETROSPOT,LUNCH BAG SUKI  DESIGN,68
363646,LUNCH BAG PINK POLKADOT,LUNCH BAG RED RETROSPOT,68
474049,RECIPE BOX PANTRY YELLOW DESIGN,SET OF 3 CAKE TINS PANTRY DESIGN,68
474015,RECIPE BOX PANTRY YELLOW DESIGN,RECIPE BOX RETROSPOT,68
170685,COOK WITH WINE METAL SIGN,GIN + TONIC DIET METAL SIGN,68
170853,COOK WITH WINE METAL SIGN,HAND OVER THE CHOCOLATE   SIGN,68
498230,REGENCY CAKESTAND 3 TIER,ROSES REGENCY TEACUP AND SAUCER,67
329895,JAM MAKING SET PRINTED,SET OF 3 CAKE TINS PANTRY DESIGN,67
86695,BLUE 3 PIECE POLKADOT CUTLERY SET,PINK 3 PIECE POLKADOT CUTLERY SET,67
236948,FELTCRAFT CUSHION BUTTERFLY,FELTCRAFT CUSHION RABBIT,66
365026,LUNCH BAG SPACEBOY DESIGN,LUNCH BAG SUKI  DESIGN,66
466154,POPPY'S PLAYHOUSE BEDROOM,POPPY'S PLAYHOUSE LIVINGROOM,65
237544,FELTCRAFT CUSHION OWL,FELTCRAFT CUSHION RABBIT,65
463482,PLEASE ONE PERSON METAL SIGN,WHITE HANGING HEART T-LIGHT HOLDER,65
618949,WHITE HANGING HEART T-LIGHT HOLDER,WOOD 2 DRAWER CABINET WHITE FINISH,65
419585,PACK OF 60 PINK PAISLEY CAKE CASES,PACK OF 72 RETROSPOT CAKE CASES,65
334047,JUMBO  BAG BAROQUE BLACK WHITE,JUMBO BAG RED RETROSPOT,64
2348, FRONT  DOOR,KEY FOB ,64
289188,HAND OVER THE CHOCOLATE   SIGN,PLEASE ONE PERSON METAL SIGN,64
284645,GREY HEART HOT WATER BOTTLE,RETROSPOT HEART HOT WATER BOTTLE,64
179521,CUPCAKE SINGLE HOOK,METAL SIGN,64
542808,SET OF 6 HERB TINS SKETCHBOOK,SET OF 6 SPICE TINS PANTRY DESIGN,64
150402,CHOCOLATE HOT WATER BOTTLE,HOT WATER BOTTLE I AM SO POORLY,63
361779,LUNCH BAG  BLACK SKULL.,LUNCH BAG PINK POLKADOT,63
330682,JAM MAKING SET WITH JARS,SET OF 6 SPICE TINS PANTRY DESIGN,63
336938,JUMBO BAG RED RETROSPOT,JUMBO BAG STRAWBERRY,63
364292,LUNCH BAG RED RETROSPOT,LUNCH BAG WOODLAND,63
118421,CANDLEHOLDER PINK HANGING HEART,RED HANGING HEART T-LIGHT HOLDER,62
166010,COFFEE,SET 3 RETROSPOT TEA,62
165886,COFFEE,SUGAR,62
306088,HEART OF WICKER LARGE,NATURAL SLATE HEART CHALKBOARD,62
41033,ALARM CLOCK BAKELIKE CHOCOLATE,ALARM CLOCK BAKELIKE RED,62
314504,HOME BUILDING BLOCK WORD,WHITE HANGING HEART T-LIGHT HOLDER,62
580060,STRAWBERRY CERAMIC TRINKET BOX,SWEETHEART CERAMIC TRINKET BOX,61
527960,SET 3 RETROSPOT TEA,SUGAR,61
71864,BATH BUILDING BLOCK WORD,LOVE BUILDING BLOCK WORD,61
466579,POPPY'S PLAYHOUSE KITCHEN,POPPY'S PLAYHOUSE LIVINGROOM,60
150323,CHOCOLATE HOT WATER BOTTLE,RETROSPOT HEART HOT WATER BOTTLE,60
306082,HEART OF WICKER LARGE,RED HANGING HEART T-LIGHT HOLDER,60
624080,WOOD 2 DRAWER CABINET WHITE FINISH,WOODEN PICTURE FRAME WHITE FINISH,60
362478,LUNCH BAG CARS BLUE,LUNCH BAG RED RETROSPOT,59
361817,LUNCH BAG  BLACK SKULL.,LUNCH BAG SUKI  DESIGN,59
284749,GREY HEART HOT WATER BOTTLE,WHITE HANGING HEART T-LIGHT HOLDER,58
307243,HEART OF WICKER SMALL,RED HANGING HEART T-LIGHT HOLDER,58
420741,PACK OF 72 RETROSPOT CAKE CASES,SET/20 RED RETROSPOT PAPER NAPKINS,58
346564,LADIES & GENTLEMEN METAL SIGN,PLEASE ONE PERSON METAL SIGN,57
35794,72 SWEETHEART FAIRY CAKE CASES,PACK OF 72 RETROSPOT CAKE CASES,57
86680,BLUE 3 PIECE POLKADOT CUTLERY SET,RED 3 PIECE RETROSPOT CUTLERY SET,57
362455,LUNCH BAG CARS BLUE,LUNCH BAG SUKI  DESIGN,57
41029,ALARM CLOCK BAKELIKE CHOCOLATE,ALARM CLOCK BAKELIKE GREEN,57
266554,GIN + TONIC DIET METAL SIGN,HAND OVER THE CHOCOLATE   SIGN,56
345950,KNITTED UNION FLAG HOT WATER BOTTLE,WHITE HANGING HEART T-LIGHT HOLDER,56
284631,GREY HEART HOT WATER BOTTLE,SCOTTIE DOG HOT WATER BOTTLE,56
624081,WOOD 2 DRAWER CABINET WHITE FINISH,WOODEN FRAME ANTIQUE WHITE,56
34675,60 TEATIME FAIRY CAKE CASES,72 SWEETHEART FAIRY CAKE CASES,55
498271,REGENCY CAKESTAND 3 TIER,SET OF 3 CAKE TINS PANTRY DESIGN,55
461301,PLASTERS IN TIN SPACEBOY,PLASTERS IN TIN WOODLAND ANIMALS,55
624725,WOOD S/3 CABINET ANT WHITE FINISH,WOODEN PICTURE FRAME WHITE FINISH,55
99921,BLUE SPOT CERAMIC DRAWER KNOB,WHITE SPOT BLUE CERAMIC DRAWER KNOB,55
502405,RETROSPOT HEART HOT WATER BOTTLE,WHITE HANGING HEART T-LIGHT HOLDER,55
533934,SET OF 3 CAKE TINS PANTRY DESIGN,WHITE HANGING HEART T-LIGHT HOLDER,55
364998,LUNCH BAG SPACEBOY DESIGN,LUNCH BAG WOODLAND,55
335340,JUMBO BAG OWLS,JUMBO BAG RED RETROSPOT,54
326857,IVORY KITCHEN SCALES,SET OF 3 CAKE TINS PANTRY DESIGN,54
557282,SET/6 RED SPOTTY PAPER CUPS,SET/6 RED SPOTTY PAPER PLATES,54
398943,NO SINGING METAL SIGN,PLEASE ONE PERSON METAL SIGN,54
336889,JUMBO BAG RED RETROSPOT,JUMBO SHOPPER VINTAGE RED PAISLEY,54
307071,HEART OF WICKER SMALL,LOVE BUILDING BLOCK WORD,54
236899,FELTCRAFT CUSHION BUTTERFLY,FELTCRAFT CUSHION OWL,54
336887,JUMBO BAG RED RETROSPOT,LUNCH BAG RED RETROSPOT,53
306045,HEART OF WICKER LARGE,LOVE BUILDING BLOCK WORD,53
444820,PINK 3 PIECE POLKADOT CUTLERY SET,RED 3 PIECE RETROSPOT CUTLERY SET,53
362442,LUNCH BAG CARS BLUE,LUNCH BAG WOODLAND,53
335262,JUMBO BAG OWLS,JUMBO STORAGE BAG SUKI,53
234941,FELTCRAFT 6 FLOWER FRIENDS,FELTCRAFT BUTTERFLY HEARTS,53
365713,LUNCH BAG SUKI  DESIGN,LUNCH BAG WOODLAND,53
624714,WOOD S/3 CABINET ANT WHITE FINISH,WOODEN FRAME ANTIQUE WHITE,53
278796,GREEN 3 PIECE POLKADOT CUTLERY SET,RED 3 PIECE RETROSPOT CUTLERY SET,52
523085,SCOTTIE DOG HOT WATER BOTTLE,WHITE HANGING HEART T-LIGHT HOLDER,52
460286,PLASTERS IN TIN CIRCUS PARADE,PLASTERS IN TIN SPACEBOY,51
317051,HOMEMADE JAM SCENTED CANDLES,JAM MAKING SET WITH JARS,51
328673,JAM JAR WITH GREEN LID,JAM JAR WITH PINK LID,51
317129,HOMEMADE JAM SCENTED CANDLES,JAM MAKING SET PRINTED,51
35680,72 SWEETHEART FAIRY CAKE CASES,SET OF 3 HEART COOKIE CUTTERS,51
336865,JUMBO BAG RED RETROSPOT,JUMBO BAG SCANDINAVIAN PAISLEY,51
474100,RECIPE BOX PANTRY YELLOW DESIGN,SET OF 6 SPICE TINS PANTRY DESIGN,50
620869,WHITE SPOT BLUE CERAMIC DRAWER KNOB,WHITE SPOT RED CERAMIC DRAWER KNOB,50
282965,GREEN REGENCY TEACUP AND SAUCER,PINK REGENCY TEACUP AND SAUCER,50
618946,WHITE HANGING HEART T-LIGHT HOLDER,WOOD BLACK BOARD ANT WHITE FINISH,50
366986,LUNCH BOX I LOVE LONDON,SPACEBOY LUNCH BOX,50
242535,FELTCRAFT PRINCESS CHARLOTTE DOLL,FELTCRAFT PRINCESS LOLA DOLL,50
175857,CREAM HEART CARD HOLDER,WHITE HANGING HEART T-LIGHT HOLDER,50
335773,JUMBO BAG PINK POLKADOT,JUMBO STORAGE BAG SUKI,50
495356,RED SPOT CERAMIC DRAWER KNOB,WHITE SPOT BLUE CERAMIC DRAWER KNOB,50
317134,HOMEMADE JAM SCENTED CANDLES,SET OF 3 CAKE TINS PANTRY DESIGN,50
35952,72 SWEETHEART FAIRY CAKE CASES,PACK OF 60 DINOSAUR CAKE CASES,49
91898,BLUE HARMONICA IN BOX,RED  HARMONICA IN BOX,49
329826,JAM MAKING SET PRINTED,SET OF 6 SPICE TINS PANTRY DESIGN,49
361823,LUNCH BAG  BLACK SKULL.,LUNCH BAG SPACEBOY DESIGN,49
55071,ASSORTED COLOUR BIRD ORNAMENT,PAINTED METAL PEARS ASSORTED,49
34642,60 TEATIME FAIRY CAKE CASES,PACK OF 60 PINK PAISLEY CAKE CASES,49
618963,WHITE HANGING HEART T-LIGHT HOLDER,WOOD S/3 CABINET ANT WHITE FINISH,49
498235,REGENCY CAKESTAND 3 TIER,WHITE HANGING HEART T-LIGHT HOLDER,49
336880,JUMBO BAG RED RETROSPOT,WHITE HANGING HEART T-LIGHT HOLDER,49
550609,SET/20 RED RETROSPOT PAPER NAPKINS,SET/6 RED SPOTTY PAPER PLATES,49
307036,HEART OF WICKER SMALL,SET OF 3 CAKE TINS PANTRY DESIGN,48
135515,CHARLOTTE BAG PINK POLKADOT,RED RETROSPOT CHARLOTTE BAG,48
99919,BLUE SPOT CERAMIC DRAWER KNOB,RED SPOT CERAMIC DRAWER KNOB,48
535393,SET OF 3 HEART COOKIE CUTTERS,WHITE HANGING HEART T-LIGHT HOLDER,48
439095,PHOTO FRAME CORNICE,WHITE HANGING HEART T-LIGHT HOLDER,48
363644,LUNCH BAG PINK POLKADOT,LUNCH BAG SPACEBOY DESIGN,48
336893,JUMBO BAG RED RETROSPOT,JUMBO BAG SPACEBOY DESIGN,48
345841,KNITTED UNION FLAG HOT WATER BOTTLE,RED WOOLLY HOTTIE WHITE HEART.,48
362491,LUNCH BAG CARS BLUE,LUNCH BAG SPACEBOY DESIGN,47
55273,ASSORTED COLOUR BIRD ORNAMENT,REGENCY CAKESTAND 3 TIER,47
505723,REX CASH+CARRY JUMBO SHOPPER,WHITE HANGING HEART T-LIGHT HOLDER,47
496350,RED STRIPE CERAMIC DRAWER KNOB,WHITE SPOT BLUE CERAMIC DRAWER KNOB,47
495349,RED SPOT CERAMIC DRAWER KNOB,WHITE SPOT RED CERAMIC DRAWER KNOB,46
329824,JAM MAKING SET PRINTED,REGENCY CAKESTAND 3 TIER,46
336341,JUMBO BAG PINK VINTAGE PAISLEY,JUMBO BAG RED RETROSPOT,46
278648,GREEN 3 PIECE POLKADOT CUTLERY SET,PINK 3 PIECE POLKADOT CUTLERY SET,46
335744,JUMBO BAG PINK POLKADOT,JUMBO BAG STRAWBERRY,46
9137,12 PENCILS SMALL TUBE RED RETROSPOT,12 PENCILS SMALL TUBE SKULL,46
174196,CREAM CUPID HEARTS COAT HANGER,WHITE HANGING HEART T-LIGHT HOLDER,46
291782,HAND WARMER OWL DESIGN,HAND WARMER SCOTTY DOG DESIGN,46
99987,BLUE SPOT CERAMIC DRAWER KNOB,BLUE STRIPE CERAMIC DRAWER KNOB,46
495348,RED SPOT CERAMIC DRAWER KNOB,RED STRIPE CERAMIC DRAWER KNOB,45
361803,LUNCH BAG  BLACK SKULL.,LUNCH BAG WOODLAND,45
362516,LUNCH BAG CARS BLUE,LUNCH BAG PINK POLKADOT,45
35768,72 SWEETHEART FAIRY CAKE CASES,RED HANGING HEART T-LIGHT HOLDER,45
516265,ROUND SNACK BOXES SET OF 4 FRUITS,ROUND SNACK BOXES SET OF4 WOODLAND,45
43109,ALARM CLOCK BAKELIKE ORANGE,ALARM CLOCK BAKELIKE PINK,45
268002,GINGERBREAD MAN COOKIE CUTTER,SET OF 3 HEART COOKIE CUTTERS,45
150461,CHOCOLATE HOT WATER BOTTLE,WHITE HANGING HEART T-LIGHT HOLDER,45
363714,LUNCH BAG PINK POLKADOT,LUNCH BAG SUKI  DESIGN,45
329787,JAM MAKING SET PRINTED,PACK OF 72 RETROSPOT CAKE CASES,45
550600,SET/20 RED RETROSPOT PAPER NAPKINS,SET/6 RED SPOTTY PAPER CUPS,45
65530,BAKING MOULD HEART MILK CHOCOLATE,BAKING MOULD HEART WHITE CHOCOLATE,45
55085,ASSORTED COLOUR BIRD ORNAMENT,HOME BUILDING BLOCK WORD,45
290168,HAND WARMER BABUSHKA DESIGN,HOT WATER BOTTLE BABUSHKA,45
329829,JAM MAKING SET PRINTED,RECIPE BOX PANTRY YELLOW DESIGN,45
418458,PACK OF 60 DINOSAUR CAKE CASES,PACK OF 72 RETROSPOT CAKE CASES,45
72349,BATHROOM METAL SIGN,TOILET METAL SIGN,45
86665,BLUE 3 PIECE POLKADOT CUTLERY SET,GREEN 3 PIECE POLKADOT CUTLERY SET,45
35706,72 SWEETHEART FAIRY CAKE CASES,PACK OF 60 PINK PAISLEY CAKE CASES,44
363118,LUNCH BAG DOLLY GIRL DESIGN,LUNCH BAG SPACEBOY DESIGN,44
55126,ASSORTED COLOUR BIRD ORNAMENT,HEART OF WICKER LARGE,44
460281,PLASTERS IN TIN CIRCUS PARADE,PLASTERS IN TIN WOODLAND ANIMALS,44
170854,COOK WITH WINE METAL SIGN,LADIES & GENTLEMEN METAL SIGN,44
465738,POPPY'S PLAYHOUSE BATHROOM,POPPY'S PLAYHOUSE KITCHEN,44
42413,ALARM CLOCK BAKELIKE IVORY,ALARM CLOCK BAKELIKE PINK,44
486002,RED RETROSPOT CHARLOTTE BAG,WOODLAND CHARLOTTE BAG,44
358189,LOVE BUILDING BLOCK WORD,RED HANGING HEART T-LIGHT HOLDER,44
420839,PACK OF 72 RETROSPOT CAKE CASES,PACK OF 72 SKULL CAKE CASES,44
71850,BATH BUILDING BLOCK WORD,HOME BUILDING BLOCK WORD,44
533904,SET OF 3 CAKE TINS PANTRY DESIGN,SET OF 6 HERB TINS SKETCHBOOK,44
100539,BLUE STRIPE CERAMIC DRAWER KNOB,WHITE SPOT BLUE CERAMIC DRAWER KNOB,44
170707,COOK WITH WINE METAL SIGN,WHITE HANGING HEART T-LIGHT HOLDER,43
349939,LARGE HEART MEASURING SPOONS,SMALL HEART MEASURING SPOONS,43
461337,PLASTERS IN TIN SPACEBOY,PLASTERS IN TIN VINTAGE PAISLEY,43
3401, METAL,DECORATION ,43
136087,CHARLOTTE BAG SUKI DESIGN,WOODLAND CHARLOTTE BAG,43
361840,LUNCH BAG  BLACK SKULL.,LUNCH BAG CARS BLUE,43
100614,BLUE STRIPE CERAMIC DRAWER KNOB,RED STRIPE CERAMIC DRAWER KNOB,43
496349,RED STRIPE CERAMIC DRAWER KNOB,WHITE SPOT RED CERAMIC DRAWER KNOB,43
396471,NATURAL SLATE HEART CHALKBOARD,SET OF 3 CAKE TINS PANTRY DESIGN,43
200552,DOORMAT RED RETROSPOT,DOORMAT UNION FLAG,43
408956,PACK OF 12 HEARTS DESIGN TISSUES,WHITE HANGING HEART T-LIGHT HOLDER,43
485551,RED RETROSPOT CAKE STAND,REGENCY CAKESTAND 3 TIER,43
319373,HOT WATER BOTTLE BABUSHKA,SCOTTIE DOG HOT WATER BOTTLE,43
35713,72 SWEETHEART FAIRY CAKE CASES,WHITE HANGING HEART T-LIGHT HOLDER,43
335314,JUMBO BAG OWLS,JUMBO BAG WOODLAND ANIMALS,43
289330,HAND OVER THE CHOCOLATE   SIGN,LADIES & GENTLEMEN METAL SIGN,42
231171,FAWN BLUE HOT WATER BOTTLE,SCOTTIE DOG HOT WATER BOTTLE,42
292753,HAND WARMER SCOTTY DOG DESIGN,HAND WARMER UNION JACK,42
267847,GINGERBREAD MAN COOKIE CUTTER,JAM MAKING SET PRINTED,42
150249,CHOCOLATE HOT WATER BOTTLE,GREY HEART HOT WATER BOTTLE,42
334021,JUMBO  BAG BAROQUE BLACK WHITE,JUMBO STORAGE BAG SUKI,42
99986,BLUE SPOT CERAMIC DRAWER KNOB,RED STRIPE CERAMIC DRAWER KNOB,42
268060,GINGERBREAD MAN COOKIE CUTTER,SET OF 3 BUTTERFLY COOKIE CUTTERS,42
340108,JUMBO SHOPPER VINTAGE RED PAISLEY,WHITE HANGING HEART T-LIGHT HOLDER,42
307477,HEART OF WICKER SMALL,PHOTO FRAME CORNICE,42
363152,LUNCH BAG DOLLY GIRL DESIGN,LUNCH BAG RED RETROSPOT,42
292239,HAND WARMER RED RETROSPOT,HAND WARMER SCOTTY DOG DESIGN,42
164705,CLOTHES PEGS RETROSPOT PACK 24,PACK OF 72 RETROSPOT CAKE CASES,42
548423,SET/10 BLUE POLKADOT PARTY CANDLES,SET/10 PINK POLKADOT PARTY CANDLES,42
72350,BATHROOM METAL SIGN,KITCHEN METAL SIGN,42
320145,HOT WATER BOTTLE I AM SO POORLY,RETROSPOT HEART HOT WATER BOTTLE,42
74487,BEWARE OF THE CAT METAL SIGN,PLEASE ONE PERSON METAL SIGN,42
533953,SET OF 3 CAKE TINS PANTRY DESIGN,SET OF 3 CAKE TINS SKETCHBOOK,42
329185,JAM JAR WITH PINK LID,JAM MAKING SET PRINTED,41
307087,HEART OF WICKER SMALL,SET OF 3 HEART COOKIE CUTTERS,41
336848,JUMBO BAG RED RETROSPOT,JUMBO STORAGE BAG SKULLS,41
420894,PACK OF 72 RETROSPOT CAKE CASES,SET OF 3 CAKE TINS PANTRY DESIGN,41
340053,JUMBO SHOPPER VINTAGE RED PAISLEY,JUMBO STORAGE BAG SUKI,41
99920,BLUE SPOT CERAMIC DRAWER KNOB,WHITE SPOT RED CERAMIC DRAWER KNOB,41
465773,POPPY'S PLAYHOUSE BATHROOM,POPPY'S PLAYHOUSE BEDROOM,41
420151,PACK OF 60 SPACEBOY CAKE CASES,PACK OF 72 RETROSPOT CAKE CASES,41
336941,JUMBO BAG RED RETROSPOT,JUMBO BAG WOODLAND ANIMALS,41
445830,PINK BLUE FELT CRAFT TRINKET BOX,PINK CREAM FELT CRAFT TRINKET BOX,41
289226,HAND OVER THE CHOCOLATE   SIGN,WHITE HANGING HEART T-LIGHT HOLDER,41
170771,COOK WITH WINE METAL SIGN,NO SINGING METAL SIGN,41
363217,LUNCH BAG DOLLY GIRL DESIGN,LUNCH BAG SUKI  DESIGN,41
463431,PLEASE ONE PERSON METAL SIGN,RED HANGING HEART T-LIGHT HOLDER,41
396682,NATURAL SLATE HEART CHALKBOARD,RED HANGING HEART T-LIGHT HOLDER,41
456413,PINK REGENCY TEACUP AND SAUCER,ROSES REGENCY TEACUP AND SAUCER,41
136110,CHARLOTTE BAG SUKI DESIGN,RED RETROSPOT CHARLOTTE BAG,40
42448,ALARM CLOCK BAKELIKE IVORY,ALARM CLOCK BAKELIKE ORANGE,40
268023,GINGERBREAD MAN COOKIE CUTTER,JAM MAKING SET WITH JARS,40
266403,GIN + TONIC DIET METAL SIGN,WHITE HANGING HEART T-LIGHT HOLDER,40
41028,ALARM CLOCK BAKELIKE CHOCOLATE,ALARM CLOCK BAKELIKE PINK,40
35722,72 SWEETHEART FAIRY CAKE CASES,PACK OF 12 HEARTS DESIGN TISSUES,40
289206,HAND OVER THE CHOCOLATE   SIGN,NO SINGING METAL SIGN,40
290146,HAND WARMER BABUSHKA DESIGN,WHITE HANGING HEART T-LIGHT HOLDER,40
350928,LARGE POPCORN HOLDER,SMALL POPCORN HOLDER,40
328825,JAM JAR WITH GREEN LID,JAM MAKING SET PRINTED,40
363645,LUNCH BAG PINK POLKADOT,LUNCH BAG WOODLAND,40
460407,PLASTERS IN TIN CIRCUS PARADE,PLASTERS IN TIN STRONGMAN,40
306144,HEART OF WICKER LARGE,HOME BUILDING BLOCK WORD,40
580072,STRAWBERRY CERAMIC TRINKET BOX,WHITE HANGING HEART T-LIGHT HOLDER,40
307253,HEART OF WICKER SMALL,REX CASH+CARRY JUMBO SHOPPER,40
605768,VICTORIAN GLASS HANGING T-LIGHT,WHITE HANGING HEART T-LIGHT HOLDER,39
523163,SCOTTIE DOG HOT WATER BOTTLE,WHITE SKULL HOT WATER BOTTLE,39
291090,HAND WARMER BIRD DESIGN,HAND WARMER SCOTTY DOG DESIGN,39
17373,3 PIECE SPACEBOY COOKIE CUTTER SET,GINGERBREAD MAN COOKIE CUTTER,39
474027,RECIPE BOX PANTRY YELLOW DESIGN,REGENCY CAKESTAND 3 TIER,39
336327,JUMBO BAG PINK VINTAGE PAISLEY,JUMBO BAG SCANDINAVIAN PAISLEY,39
420914,PACK OF 72 RETROSPOT CAKE CASES,WHITE HANGING HEART T-LIGHT HOLDER,39
306036,HEART OF WICKER LARGE,REX CASH+CARRY JUMBO SHOPPER,39
310508,HERB MARKER BASIL,HERB MARKER ROSEMARY,39
340553,JUMBO STORAGE BAG SKULLS,JUMBO STORAGE BAG SUKI,39
307040,HEART OF WICKER SMALL,WOODEN FRAME ANTIQUE WHITE,39
334050,JUMBO  BAG BAROQUE BLACK WHITE,JUMBO BAG PINK POLKADOT,39
335758,JUMBO BAG PINK POLKADOT,JUMBO BAG SCANDINAVIAN PAISLEY,39
41031,ALARM CLOCK BAKELIKE CHOCOLATE,ALARM CLOCK BAKELIKE IVORY,39
329789,JAM MAKING SET PRINTED,WHITE HANGING HEART T-LIGHT HOLDER,39
358231,LOVE BUILDING BLOCK WORD,NATURAL SLATE HEART CHALKBOARD,39
150246,CHOCOLATE HOT WATER BOTTLE,WHITE SKULL HOT WATER BOTTLE,39
341038,JUMBO STORAGE BAG SUKI,LUNCH BAG SUKI  DESIGN,39
330701,JAM MAKING SET WITH JARS,WHITE HANGING HEART T-LIGHT HOLDER,39
266569,GIN + TONIC DIET METAL SIGN,NO SINGING METAL SIGN,39
364357,LUNCH BAG RED RETROSPOT,PACK OF 72 RETROSPOT CAKE CASES,38
118451,CANDLEHOLDER PINK HANGING HEART,HEART OF WICKER LARGE,38
74488,BEWARE OF THE CAT METAL SIGN,COOK WITH WINE METAL SIGN,38
334027,JUMBO  BAG BAROQUE BLACK WHITE,JUMBO BAG STRAWBERRY,38
497687,RED WOOLLY HOTTIE WHITE HEART.,WHITE HANGING HEART T-LIGHT HOLDER,38
300796,HAPPY STENCIL CRAFT,MONSTERS STENCIL CRAFT,38
89961,BLUE FELT EASTER EGG BASKET,CREAM FELT EASTER EGG BASKET,38
465779,POPPY'S PLAYHOUSE BATHROOM,POPPY'S PLAYHOUSE LIVINGROOM,38
310526,HERB MARKER BASIL,HERB MARKER MINT,38
335751,JUMBO BAG PINK POLKADOT,JUMBO BAG PINK VINTAGE PAISLEY,38
338711,JUMBO BAG STRAWBERRY,JUMBO STORAGE BAG SUKI,38
41032,ALARM CLOCK BAKELIKE CHOCOLATE,ALARM CLOCK BAKELIKE ORANGE,38
34640,60 TEATIME FAIRY CAKE CASES,PACK OF 60 DINOSAUR CAKE CASES,38
310591,HERB MARKER BASIL,HERB MARKER THYME,38
339635,JUMBO BAG WOODLAND ANIMALS,JUMBO STORAGE BAG SUKI,38
324133,IVORY DINER WALL CLOCK,RED DINER WALL CLOCK,38
82621,BLACK KITCHEN SCALES,RED KITCHEN SCALES,38
306161,HEART OF WICKER LARGE,WOODEN FRAME ANTIQUE WHITE,38
197398,DOORMAT HEARTS,DOORMAT RED RETROSPOT,38
306041,HEART OF WICKER LARGE,WICKER STAR,38
497738,RED WOOLLY HOTTIE WHITE HEART.,SCOTTIE DOG HOT WATER BOTTLE,38
291091,HAND WARMER BIRD DESIGN,HAND WARMER OWL DESIGN,38
284581,GREY HEART HOT WATER BOTTLE,HEART OF WICKER SMALL,37
366985,LUNCH BOX I LOVE LONDON,SET 2 TEA TOWELS I LOVE LONDON,37
312394,HERB MARKER ROSEMARY,HERB MARKER THYME,37
291092,HAND WARMER BIRD DESIGN,HAND WARMER UNION JACK,37
137792,CHICK GREY HOT WATER BOTTLE,RETROSPOT HEART HOT WATER BOTTLE,37
337658,JUMBO BAG SCANDINAVIAN PAISLEY,JUMBO STORAGE BAG SUKI,37
463503,PLEASE ONE PERSON METAL SIGN,YOU'RE CONFUSING ME METAL SIGN,37
549223,SET/10 PINK POLKADOT PARTY CANDLES,SET/10 RED POLKADOT PARTY CANDLES,37
535361,SET OF 3 HEART COOKIE CUTTERS,TOAST ITS - I LOVE YOU,37
462388,PLASTERS IN TIN VINTAGE PAISLEY,PLASTERS IN TIN WOODLAND ANIMALS,37
337039,JUMBO BAG RED RETROSPOT,PACK OF 72 RETROSPOT CAKE CASES,37
67839,BAKING SET 9 PIECE RETROSPOT,BAKING SET SPACEBOY DESIGN,37
330854,JAM MAKING SET WITH JARS,RECIPE BOX PANTRY YELLOW DESIGN,37
290301,HAND WARMER BABUSHKA DESIGN,HAND WARMER BIRD DESIGN,37
100521,BLUE STRIPE CERAMIC DRAWER KNOB,WHITE SPOT RED CERAMIC DRAWER KNOB,37
468417,POSTAGE,ROUND SNACK BOXES SET OF4 WOODLAND,37
618966,WHITE HANGING HEART T-LIGHT HOLDER,ZINC METAL HEART DECORATION,37
473997,RECIPE BOX PANTRY YELLOW DESIGN,WHITE HANGING HEART T-LIGHT HOLDER,37
100778,BLUE STRIPE CERAMIC DRAWER KNOB,RED SPOT CERAMIC DRAWER KNOB,37
36020,72 SWEETHEART FAIRY CAKE CASES,HEART OF WICKER SMALL,37
335393,JUMBO BAG OWLS,JUMBO BAG PINK POLKADOT,37
381918,METAL SIGN TAKE IT OR LEAVE IT,PLEASE ONE PERSON METAL SIGN,37
310511,HERB MARKER BASIL,HERB MARKER PARSLEY,37
364252,LUNCH BAG RED RETROSPOT,WHITE HANGING HEART T-LIGHT HOLDER,37
135526,CHARLOTTE BAG PINK POLKADOT,CHARLOTTE BAG SUKI DESIGN,37
165912,COFFEE,SUGAR JARS,37
231149,FAWN BLUE HOT WATER BOTTLE,RETROSPOT HEART HOT WATER BOTTLE,37
414502,PACK OF 20 NAPKINS PANTRY DESIGN,SET OF 3 CAKE TINS PANTRY DESIGN,36
336463,JUMBO BAG PINK VINTAGE PAISLEY,JUMBO BAG STRAWBERRY,36
451267,PINK HEART SHAPE EGG FRYING PAN,WHITE HANGING HEART T-LIGHT HOLDER,36
95445,BLUE POLKADOT BOWL,PINK POLKADOT BOWL,36
167042,COFFEE MUG CAT + BIRD DESIGN,COFFEE MUG DOG + BALL DESIGN,36
95465,BLUE POLKADOT BOWL,RED RETROSPOT BOWL,36
533911,SET OF 3 CAKE TINS PANTRY DESIGN,SET/5 RED RETROSPOT LID GLASS BOWLS,36
543735,SET OF 6 SPICE TINS PANTRY DESIGN,WHITE HANGING HEART T-LIGHT HOLDER,36
55168,ASSORTED COLOUR BIRD ORNAMENT,SET OF 3 CAKE TINS PANTRY DESIGN,36
451205,PINK HEART SHAPE EGG FRYING PAN,TOAST ITS - I LOVE YOU,36
474578,RECIPE BOX RETROSPOT,WHITE HANGING HEART T-LIGHT HOLDER,36
307254,HEART OF WICKER SMALL,RECIPE BOX PANTRY YELLOW DESIGN,36
95474,BLUE POLKADOT BOWL,BLUE POLKADOT CUP,36
320128,HOT WATER BOTTLE I AM SO POORLY,SCOTTIE DOG HOT WATER BOTTLE,36
473677,RECIPE BOX BLUE SKETCHBOOK DESIGN,RECIPE BOX PANTRY YELLOW DESIGN,36
336925,JUMBO BAG RED RETROSPOT,LUNCH BAG SUKI  DESIGN,36
34641,60 TEATIME FAIRY CAKE CASES,PACK OF 72 SKULL CAKE CASES,36
311905,HERB MARKER PARSLEY,HERB MARKER THYME,36
418518,PACK OF 60 DINOSAUR CAKE CASES,PACK OF 60 SPACEBOY CAKE CASES,36
460802,PLASTERS IN TIN SKULLS,PLASTERS IN TIN SPACEBOY,36
497719,RED WOOLLY HOTTIE WHITE HEART.,WHITE SKULL HOT WATER BOTTLE,36
118395,CANDLEHOLDER PINK HANGING HEART,HEART OF WICKER SMALL,36
44615,ALARM CLOCK BAKELIKE RED,IVORY KITCHEN SCALES,36
151212,CHOCOLATE THIS WAY METAL SIGN,COOK WITH WINE METAL SIGN,36
378506,METAL 4 HOOK HANGER FRENCH CHATEAU,WHITE HANGING HEART T-LIGHT HOLDER,36
451181,PINK HEART SHAPE EGG FRYING PAN,SET OF 3 HEART COOKIE CUTTERS,36
358181,LOVE BUILDING BLOCK WORD,PLEASE ONE PERSON METAL SIGN,36
532384,SET OF 20 KIDS COOKIE CUTTERS,SET OF 3 HEART COOKIE CUTTERS,36
200603,DOORMAT RED RETROSPOT,WHITE HANGING HEART T-LIGHT HOLDER,36
330716,JAM MAKING SET WITH JARS,REGENCY CAKESTAND 3 TIER,36
502363,RETROSPOT HEART HOT WATER BOTTLE,WHITE SKULL HOT WATER BOTTLE,36
471777,QUEENS GUARD COFFEE MUG,SOLDIERS EGG CUP,35
268058,GINGERBREAD MAN COOKIE CUTTER,SET OF 3 CAKE TINS PANTRY DESIGN,35
35839,72 SWEETHEART FAIRY CAKE CASES,SET OF 72 PINK HEART PAPER DOILIES,35
35832,72 SWEETHEART FAIRY CAKE CASES,PACK OF 60 SPACEBOY CAKE CASES,35
236431,FELTCRAFT CHRISTMAS FAIRY,FELTCRAFT PRINCESS CHARLOTTE DOLL,35
82620,BLACK KITCHEN SCALES,IVORY KITCHEN SCALES,35
306137,HEART OF WICKER LARGE,WOODEN PICTURE FRAME WHITE FINISH,35
311398,HERB MARKER MINT,HERB MARKER THYME,35
314535,HOME BUILDING BLOCK WORD,WOODEN FRAME ANTIQUE WHITE,35
44569,ALARM CLOCK BAKELIKE RED,RED KITCHEN SCALES,35
326815,IVORY KITCHEN SCALES,REGENCY CAKESTAND 3 TIER,35
151122,CHOCOLATE THIS WAY METAL SIGN,PLEASE ONE PERSON METAL SIGN,35
304665,HEART IVORY TRELLIS LARGE,HEART OF WICKER SMALL,35
326860,IVORY KITCHEN SCALES,WHITE HANGING HEART T-LIGHT HOLDER,35
311441,HERB MARKER MINT,HERB MARKER PARSLEY,35
306044,HEART OF WICKER LARGE,RECIPE BOX PANTRY YELLOW DESIGN,35
164661,CLOTHES PEGS RETROSPOT PACK 24,WHITE HANGING HEART T-LIGHT HOLDER,35
291693,HAND WARMER OWL DESIGN,HAND WARMER RED RETROSPOT,35
96322,BLUE POLKADOT CUP,RED RETROSPOT CUP,35
96234,BLUE POLKADOT CUP,PINK  POLKADOT CUP,35
321662,I CAN ONLY PLEASE ONE PERSON MUG,PLEASE ONE PERSON METAL SIGN,35
336330,JUMBO BAG PINK VINTAGE PAISLEY,JUMBO SHOPPER VINTAGE RED PAISLEY,35
330767,JAM MAKING SET WITH JARS,PACK OF 72 RETROSPOT CAKE CASES,35
396521,NATURAL SLATE HEART CHALKBOARD,PHOTO FRAME CORNICE,35
345859,KNITTED UNION FLAG HOT WATER BOTTLE,SCOTTIE DOG HOT WATER BOTTLE,35
311442,HERB MARKER MINT,HERB MARKER ROSEMARY,35
306358,HEART OF WICKER LARGE,SET OF 3 CAKE TINS PANTRY DESIGN,35
150306,CHOCOLATE HOT WATER BOTTLE,KNITTED UNION FLAG HOT WATER BOTTLE,35
215510, BIRTHDAY CARD,ELEPHANT,34
307503,HEART OF WICKER SMALL,IVORY KITCHEN SCALES,34
192746,DOLLY GIRL LUNCH BOX,LUNCH BOX I LOVE LONDON,34
334012,JUMBO  BAG BAROQUE BLACK WHITE,JUMBO BAG OWLS,34
341058,JUMBO STORAGE BAG SUKI,LUNCH BAG RED RETROSPOT,34
306319,HEART OF WICKER LARGE,PLEASE ONE PERSON METAL SIGN,34
290247,HAND WARMER BABUSHKA DESIGN,SCOTTIE DOG HOT WATER BOTTLE,34
493797,RED RETROSPOT TRADITIONAL TEAPOT,RETROSPOT LARGE MILK JUG,34
475718,RECYCLING BAG RETROSPOT,TOY TIDY PINK POLKADOT,34
1982, CHOCOLATE  SPOTS,SWISS ROLL TOWEL,34
307078,HEART OF WICKER SMALL,REGENCY CAKESTAND 3 TIER,34
223300,ENGLISH ROSE HOT WATER BOTTLE,SCOTTIE DOG HOT WATER BOTTLE,34
335772,JUMBO BAG PINK POLKADOT,JUMBO STORAGE BAG SKULLS,34
361829,LUNCH BAG  BLACK SKULL.,WHITE HANGING HEART T-LIGHT HOLDER,34
502353,RETROSPOT HEART HOT WATER BOTTLE,SET OF 3 CAKE TINS PANTRY DESIGN,34
274842,GLASS STAR FROSTED T-LIGHT HOLDER,WHITE HANGING HEART T-LIGHT HOLDER,34
296717,HANGING HEART ZINC T-LIGHT HOLDER,SINGLE HEART ZINC T-LIGHT HOLDER,34
481010,RED HANGING HEART T-LIGHT HOLDER,RETROSPOT HEART HOT WATER BOTTLE,34
306105,HEART OF WICKER LARGE,PHOTO FRAME CORNICE,34
334049,JUMBO  BAG BAROQUE BLACK WHITE,JUMBO SHOPPER VINTAGE RED PAISLEY,34
420782,PACK OF 72 RETROSPOT CAKE CASES,SET OF 72 RETROSPOT PAPER  DOILIES,34
44496,ALARM CLOCK BAKELIKE RED,WHITE HANGING HEART T-LIGHT HOLDER,34
307356,HEART OF WICKER SMALL,HOME BUILDING BLOCK WORD,34
243163,FELTCRAFT PRINCESS LOLA DOLL,FELTCRAFT PRINCESS OLIVIA DOLL,34
335779,JUMBO BAG PINK POLKADOT,JUMBO BAG WOODLAND ANIMALS,34
284616,GREY HEART HOT WATER BOTTLE,RED HANGING HEART T-LIGHT HOLDER,34
345843,KNITTED UNION FLAG HOT WATER BOTTLE,WHITE SKULL HOT WATER BOTTLE,33
311933,HERB MARKER PARSLEY,HERB MARKER ROSEMARY,33
17147,3 PIECE SPACEBOY COOKIE CUTTER SET,SET OF 3 HEART COOKIE CUTTERS,33
345844,KNITTED UNION FLAG HOT WATER BOTTLE,RETROSPOT HEART HOT WATER BOTTLE,33
164719,CLOTHES PEGS RETROSPOT PACK 24,JAM MAKING SET PRINTED,33
151130,CHOCOLATE THIS WAY METAL SIGN,GIN + TONIC DIET METAL SIGN,33
267963,GINGERBREAD MAN COOKIE CUTTER,SET OF 20 KIDS COOKIE CUTTERS,33
317232,HOMEMADE JAM SCENTED CANDLES,WHITE HANGING HEART T-LIGHT HOLDER,33
395878,NATURAL SLATE CHALKBOARD LARGE,NATURAL SLATE HEART CHALKBOARD,33
95468,BLUE POLKADOT BOWL,BLUE POLKADOT PLATE,33
484698,RED RETROSPOT BOWL,RED RETROSPOT CUP,33
420885,PACK OF 72 RETROSPOT CAKE CASES,REGENCY CAKESTAND 3 TIER,33
317820,HOOK,MAGIC GARDEN,33
363193,LUNCH BAG DOLLY GIRL DESIGN,LUNCH BAG WOODLAND,33
492691,RED RETROSPOT SUGAR JAM BOWL,RED RETROSPOT TRADITIONAL TEAPOT,33
151187,CHOCOLATE THIS WAY METAL SIGN,HAND OVER THE CHOCOLATE   SIGN,33
135524,CHARLOTTE BAG PINK POLKADOT,WOODLAND CHARLOTTE BAG,33
342635,KEY FOB ,WHITE HANGING HEART T-LIGHT HOLDER,33
34647,60 TEATIME FAIRY CAKE CASES,WHITE HANGING HEART T-LIGHT HOLDER,33
31500,6 RIBBONS RUSTIC CHARM,SCANDINAVIAN REDS RIBBONS,33
55248,ASSORTED COLOUR BIRD ORNAMENT,NATURAL SLATE HEART CHALKBOARD,33
342586,KEY FOB ,NATURAL SLATE HEART CHALKBOARD,33
624344,WOOD BLACK BOARD ANT WHITE FINISH,WOODEN FRAME ANTIQUE WHITE,33
342588,KEY FOB ,PAPER CHAIN KIT 50'S CHRISTMAS,33
322377,I'M ON HOLIDAY METAL SIGN,PLEASE ONE PERSON METAL SIGN,33
337616,JUMBO BAG SCANDINAVIAN PAISLEY,JUMBO BAG STRAWBERRY,33
585131,SWEETHEART CAKESTAND 3 TIER,WHITE HANGING HEART T-LIGHT HOLDER,33
529695,SET 7 BABUSHKA NESTING BOXES,WHITE HANGING HEART T-LIGHT HOLDER,33
326811,IVORY KITCHEN SCALES,SET OF 6 SPICE TINS PANTRY DESIGN,33
22, 1 HANGER ,MAGIC GARDEN,33
307041,HEART OF WICKER SMALL,WOODEN PICTURE FRAME WHITE FINISH,33
19, 1 HANGER ,HOOK,33
18370,3 STRIPEY MICE FELTCRAFT,FELTCRAFT 6 FLOWER FRIENDS,33
307153,HEART OF WICKER SMALL,PLEASE ONE PERSON METAL SIGN,33
313268,HI TEC ALPINE HAND WARMER,KEY FOB ,33
460796,PLASTERS IN TIN SKULLS,PLASTERS IN TIN WOODLAND ANIMALS,33
610197,VINTAGE HEADS AND TAILS CARD GAME,VINTAGE SNAP CARDS,33
164670,CLOTHES PEGS RETROSPOT PACK 24,SET OF 3 CAKE TINS PANTRY DESIGN,33
88973,BLUE DINER WALL CLOCK,RED DINER WALL CLOCK,33
291699,HAND WARMER OWL DESIGN,HAND WARMER UNION JACK,33
55608,ASSORTED COLOUR BIRD ORNAMENT,HEART FILIGREE DOVE  SMALL,33
88981,BLUE DINER WALL CLOCK,IVORY DINER WALL CLOCK,33
170663,COOK WITH WINE METAL SIGN,HOT BATHS METAL SIGN,33
335777,JUMBO BAG PINK POLKADOT,JUMBO SHOPPER VINTAGE RED PAISLEY,32
63681,BAKING MOULD CHOCOLATE CUPCAKES,BAKING MOULD HEART MILK CHOCOLATE,32
34685,60 TEATIME FAIRY CAKE CASES,JAM MAKING SET PRINTED,32
306062,HEART OF WICKER LARGE,REGENCY CAKESTAND 3 TIER,32
427308,PAPER CHAIN KIT 50'S CHRISTMAS,WHITE HANGING HEART T-LIGHT HOLDER,32
337613,JUMBO BAG SCANDINAVIAN PAISLEY,JUMBO SHOPPER VINTAGE RED PAISLEY,32
170852,COOK WITH WINE METAL SIGN,METAL SIGN TAKE IT OR LEAVE IT,32
534539,SET OF 3 CAKE TINS SKETCHBOOK,SET OF 6 HERB TINS SKETCHBOOK,32
515012,ROUND CAKE TIN VINTAGE GREEN,ROUND CAKE TIN VINTAGE RED,32
326818,IVORY KITCHEN SCALES,MINT KITCHEN SCALES,32
231172,FAWN BLUE HOT WATER BOTTLE,WHITE SKULL HOT WATER BOTTLE,32
461438,PLASTERS IN TIN SPACEBOY,SPACEBOY LUNCH BOX,32
136154,CHARLOTTE BAG SUKI DESIGN,LUNCH BAG SUKI  DESIGN,32
461313,PLASTERS IN TIN SPACEBOY,PLASTERS IN TIN STRONGMAN,32
497674,RED WOOLLY HOTTIE WHITE HEART.,RETROSPOT HEART HOT WATER BOTTLE,32
468431,POSTAGE,RED TOADSTOOL LED NIGHT LIGHT,32
170708,COOK WITH WINE METAL SIGN,YOU'RE CONFUSING ME METAL SIGN,32
418554,PACK OF 60 DINOSAUR CAKE CASES,PACK OF 60 PINK PAISLEY CAKE CASES,32
336338,JUMBO BAG PINK VINTAGE PAISLEY,JUMBO STORAGE BAG SUKI,32
624321,WOOD BLACK BOARD ANT WHITE FINISH,WOOD S/3 CABINET ANT WHITE FINISH,32
341136,JUMBO STORAGE BAG SUKI,WHITE HANGING HEART T-LIGHT HOLDER,32
306024,HEART OF WICKER LARGE,JAM MAKING SET PRINTED,32
91368,BLUE HAPPY BIRTHDAY BUNTING,PINK HAPPY BIRTHDAY BUNTING,32
268041,GINGERBREAD MAN COOKIE CUTTER,WHITE HANGING HEART T-LIGHT HOLDER,32
482765,RED KITCHEN SCALES,SET OF 3 CAKE TINS PANTRY DESIGN,32
460274,PLASTERS IN TIN CIRCUS PARADE,POSTAGE,32
485124,RED RETROSPOT BUTTER DISH,RED RETROSPOT TRADITIONAL TEAPOT,32
571066,SMALL POPCORN HOLDER,WHITE HANGING HEART T-LIGHT HOLDER,32
335334,JUMBO BAG OWLS,JUMBO BAG STRAWBERRY,32
335313,JUMBO BAG OWLS,JUMBO BAG SCANDINAVIAN PAISLEY,32
268179,GINGERBREAD MAN COOKIE CUTTER,RECIPE BOX PANTRY YELLOW DESIGN,32
41516,ALARM CLOCK BAKELIKE GREEN,WHITE HANGING HEART T-LIGHT HOLDER,32
307136,HEART OF WICKER SMALL,VICTORIAN GLASS HANGING T-LIGHT,31
35746,72 SWEETHEART FAIRY CAKE CASES,SET/20 RED RETROSPOT PAPER NAPKINS,31
34056,60 CAKE CASES VINTAGE CHRISTMAS,SET OF 20 VINTAGE CHRISTMAS NAPKINS,31
55087,ASSORTED COLOUR BIRD ORNAMENT,PACK OF 6 BIRDY GIFT TAGS,31
474615,RECIPE BOX RETROSPOT,SET OF 3 CAKE TINS PANTRY DESIGN,31
367775,LUNCH BOX WITH CUTLERY RETROSPOT,STRAWBERRY LUNCH BOX WITH CUTLERY,31
430482,PARTY BUNTING,SET OF 3 CAKE TINS PANTRY DESIGN,31
358427,LOVE BUILDING BLOCK WORD,VINTAGE UNION JACK BUNTING,31
164546,CLOTHES PEGS RETROSPOT PACK 24,SET/5 RED RETROSPOT LID GLASS BOWLS,31
223439,ENGLISH ROSE HOT WATER BOTTLE,RETROSPOT HEART HOT WATER BOTTLE,31
624392,WOOD BLACK BOARD ANT WHITE FINISH,WOODEN PICTURE FRAME WHITE FINISH,31
44622,ALARM CLOCK BAKELIKE RED,SOLDIERS EGG CUP,31
289210,HAND OVER THE CHOCOLATE   SIGN,HEART OF WICKER SMALL,31
482695,RED KITCHEN SCALES,WHITE HANGING HEART T-LIGHT HOLDER,31
326835,IVORY KITCHEN SCALES,RECIPE BOX PANTRY YELLOW DESIGN,31
284667,GREY HEART HOT WATER BOTTLE,HOT WATER BOTTLE BABUSHKA,31
212422,EDWARDIAN PARASOL BLACK,EDWARDIAN PARASOL NATURAL,31
364294,LUNCH BAG RED RETROSPOT,SET/20 RED RETROSPOT PAPER NAPKINS,31
306015,HEART OF WICKER LARGE,SET OF 3 HEART COOKIE CUTTERS,31
266566,GIN + TONIC DIET METAL SIGN,LADIES & GENTLEMEN METAL SIGN,31
307214,HEART OF WICKER SMALL,WOOD 2 DRAWER CABINET WHITE FINISH,31
357549,LONDON BUS COFFEE MUG,QUEENS GUARD COFFEE MUG,31
307216,HEART OF WICKER SMALL,WOOD BLACK BOARD ANT WHITE FINISH,31
318158,HOT BATHS METAL SIGN,PLEASE ONE PERSON METAL SIGN,31
44663,ALARM CLOCK BAKELIKE RED,SET OF 3 CAKE TINS PANTRY DESIGN,31
166463,COFFEE MUG APPLES DESIGN,COFFEE MUG PEARS  DESIGN,31
289297,HAND OVER THE CHOCOLATE   SIGN,HOT BATHS METAL SIGN,31
292785,HAND WARMER SCOTTY DOG DESIGN,PAPER CHAIN KIT VINTAGE CHRISTMAS,31
235640,FELTCRAFT BUTTERFLY HEARTS,FELTCRAFT PRINCESS LOLA DOLL,31
609203,VINTAGE CREAM CAT FOOD CONTAINER,VINTAGE CREAM DOG FOOD CONTAINER,31
137922,CHICK GREY HOT WATER BOTTLE,SCOTTIE DOG HOT WATER BOTTLE,31
396527,NATURAL SLATE HEART CHALKBOARD,REGENCY CAKESTAND 3 TIER,31
317121,HOMEMADE JAM SCENTED CANDLES,SET OF 6 SPICE TINS PANTRY DESIGN,31
364977,LUNCH BAG SPACEBOY DESIGN,SPACEBOY LUNCH BOX,31
307147,HEART OF WICKER SMALL,RETROSPOT HEART HOT WATER BOTTLE,31
95462,BLUE POLKADOT BOWL,GREEN POLKADOT BOWL,31
150327,CHOCOLATE HOT WATER BOTTLE,PLEASE ONE PERSON METAL SIGN,31
74544,BEWARE OF THE CAT METAL SIGN,GIN + TONIC DIET METAL SIGN,31
346562,LADIES & GENTLEMEN METAL SIGN,NO SINGING METAL SIGN,31
307157,HEART OF WICKER SMALL,ZINC METAL HEART DECORATION,31
170879,COOK WITH WINE METAL SIGN,HEART OF WICKER LARGE,31
284644,GREY HEART HOT WATER BOTTLE,WHITE SKULL HOT WATER BOTTLE,31
334031,JUMBO  BAG BAROQUE BLACK WHITE,JUMBO BAG SCANDINAVIAN PAISLEY,31
292262,HAND WARMER RED RETROSPOT,HAND WARMER UNION JACK,31
335806,JUMBO BAG PINK POLKADOT,LUNCH BAG RED RETROSPOT,31
140793,CHILDRENS APRON SPACEBOY DESIGN,RETROSPOT CHILDRENS APRON,31
534490,SET OF 3 CAKE TINS SKETCHBOOK,SET OF 6 SPICE TINS PANTRY DESIGN,31
284632,GREY HEART HOT WATER BOTTLE,HOT WATER BOTTLE I AM SO POORLY,31
461922,PLASTERS IN TIN STRONGMAN,PLASTERS IN TIN WOODLAND ANIMALS,31
237546,FELTCRAFT CUSHION OWL,FELTCRAFT PRINCESS CHARLOTTE DOLL,31
145222,CHILDS GARDEN FORK BLUE,CHILDS GARDEN TROWEL BLUE,30
150382,CHOCOLATE HOT WATER BOTTLE,RED WOOLLY HOTTIE WHITE HEART.,30
493396,RED RETROSPOT TEA CUP AND SAUCER,RED RETROSPOT TRADITIONAL TEAPOT,30
398952,NO SINGING METAL SIGN,WHITE HANGING HEART T-LIGHT HOLDER,30
336914,JUMBO BAG RED RETROSPOT,SMALL POPCORN HOLDER,30
118460,CANDLEHOLDER PINK HANGING HEART,LOVE BUILDING BLOCK WORD,30
307058,HEART OF WICKER SMALL,RECIPE BOX RETROSPOT,30
291102,HAND WARMER BIRD DESIGN,HAND WARMER RED RETROSPOT,30
336885,JUMBO BAG RED RETROSPOT,RED RETROSPOT CHARLOTTE BAG,30
292734,HAND WARMER SCOTTY DOG DESIGN,PAPER CHAIN KIT 50'S CHRISTMAS,30
363795,LUNCH BAG PINK POLKADOT,WHITE HANGING HEART T-LIGHT HOLDER,30
468398,POSTAGE,REGENCY CAKESTAND 3 TIER,30
212346,EDWARDIAN PARASOL BLACK,EDWARDIAN PARASOL RED,30
223357,ENGLISH ROSE HOT WATER BOTTLE,GREY HEART HOT WATER BOTTLE,30
367190,LUNCH BOX I LOVE LONDON,SOLDIERS EGG CUP,30
546365,SET OF 72 RETROSPOT PAPER  DOILIES,SET/20 RED RETROSPOT PAPER NAPKINS,30
307034,HEART OF WICKER SMALL,PACK OF 12 HEARTS DESIGN TISSUES,30
319418,HOT WATER BOTTLE BABUSHKA,RETROSPOT HEART HOT WATER BOTTLE,30
318135,HOT BATHS METAL SIGN,WHITE HANGING HEART T-LIGHT HOLDER,30
306035,HEART OF WICKER LARGE,RECIPE BOX RETROSPOT,30
484685,RED RETROSPOT BOWL,RED RETROSPOT PLATE,30
310512,HERB MARKER BASIL,HERB MARKER CHIVES,30
334843,JUMBO BAG DOLLY GIRL DESIGN,JUMBO BAG RED RETROSPOT,30
335386,JUMBO BAG OWLS,JUMBO STORAGE BAG SKULLS,30
338674,JUMBO BAG STRAWBERRY,JUMBO STORAGE BAG SKULLS,30
281960,GREEN POLKADOT BOWL,RED RETROSPOT BOWL,30
41647,ALARM CLOCK BAKELIKE GREEN,ASSORTED COLOUR BIRD ORNAMENT,30
235688,FELTCRAFT BUTTERFLY HEARTS,FELTCRAFT CUSHION RABBIT,30
310992,HERB MARKER CHIVES,HERB MARKER MINT,30
314632,HOME BUILDING BLOCK WORD,WOODEN PICTURE FRAME WHITE FINISH,30
534091,SET OF 3 CAKE TINS PANTRY DESIGN,SET OF 3 HEART COOKIE CUTTERS,30
36446,72 SWEETHEART FAIRY CAKE CASES,KEY FOB ,30
408957,PACK OF 12 HEARTS DESIGN TISSUES,RED HANGING HEART T-LIGHT HOLDER,30
95466,BLUE POLKADOT BOWL,RED RETROSPOT CUP,30
396438,NATURAL SLATE HEART CHALKBOARD,SET OF 6 SPICE TINS PANTRY DESIGN,30
197372,DOORMAT HEARTS,WHITE HANGING HEART T-LIGHT HOLDER,30
310974,HERB MARKER CHIVES,HERB MARKER PARSLEY,30
314906,HOME BUILDING BLOCK WORD,VINTAGE UNION JACK BUNTING,30
420853,PACK OF 72 RETROSPOT CAKE CASES,SET/5 RED RETROSPOT LID GLASS BOWLS,30
330739,JAM MAKING SET WITH JARS,ROSES REGENCY TEACUP AND SAUCER,30
74608,BEWARE OF THE CAT METAL SIGN,HAND OVER THE CHOCOLATE   SIGN,30
35733,72 SWEETHEART FAIRY CAKE CASES,PACK OF 72 SKULL CAKE CASES,30
48760,ANTIQUE GLASS DRESSING TABLE POT,ANTIQUE TALL SWIRLGLASS TRINKET POT,29
307258,HEART OF WICKER SMALL,WICKER STAR,29
420749,PACK OF 72 RETROSPOT CAKE CASES,RED RETROSPOT CAKE STAND,29
306040,HEART OF WICKER LARGE,IVORY KITCHEN SCALES,29
341036,JUMBO STORAGE BAG SUKI,LUNCH BAG SPACEBOY DESIGN,29
338767,JUMBO BAG STRAWBERRY,JUMBO SHOPPER VINTAGE RED PAISLEY,29
307146,HEART OF WICKER SMALL,JUMBO BAG RED RETROSPOT,29
150384,CHOCOLATE HOT WATER BOTTLE,HEART OF WICKER LARGE,29
31400,6 RIBBONS RUSTIC CHARM,WHITE HANGING HEART T-LIGHT HOLDER,29
72022,BATH BUILDING BLOCK WORD,WHITE HANGING HEART T-LIGHT HOLDER,29
52162,AREA PATROLLED METAL SIGN,PLEASE ONE PERSON METAL SIGN,29
364333,LUNCH BAG RED RETROSPOT,RED RETROSPOT CHARLOTTE BAG,29
334013,JUMBO  BAG BAROQUE BLACK WHITE,JUMBO STORAGE BAG SKULLS,29
55389,ASSORTED COLOUR BIRD ORNAMENT,LOVE BUILDING BLOCK WORD,29
4014, PINK  SPOTS,SWISS ROLL TOWEL,29
329219,JAM JAR WITH PINK LID,JAM MAKING SET WITH JARS,29
307080,HEART OF WICKER SMALL,JAM MAKING SET PRINTED,29
480979,RED HANGING HEART T-LIGHT HOLDER,REGENCY CAKESTAND 3 TIER,29
317036,HOMEMADE JAM SCENTED CANDLES,REGENCY CAKESTAND 3 TIER,29
296773,HANGING HEART ZINC T-LIGHT HOLDER,WHITE HANGING HEART T-LIGHT HOLDER,29
72561,BATHROOM METAL SIGN,PLEASE ONE PERSON METAL SIGN,29
96307,BLUE POLKADOT CUP,BLUE POLKADOT PLATE,29
548428,SET/10 BLUE POLKADOT PARTY CANDLES,SET/10 RED POLKADOT PARTY CANDLES,29
338619,JUMBO BAG STRAWBERRY,LUNCH BAG RED RETROSPOT,29
170972,COOK WITH WINE METAL SIGN,I'M ON HOLIDAY METAL SIGN,29
409133,PACK OF 12 HEARTS DESIGN TISSUES,SET OF 3 HEART COOKIE CUTTERS,29
563828,SKULL LUNCH BOX WITH CUTLERY,STRAWBERRY LUNCH BOX WITH CUTLERY,29
319502,HOT WATER BOTTLE BABUSHKA,WHITE SKULL HOT WATER BOTTLE,29
284830,GREY HEART HOT WATER BOTTLE,HAND WARMER BABUSHKA DESIGN,29
203350,DOORMAT UNION FLAG,WHITE HANGING HEART T-LIGHT HOLDER,29
532572,SET OF 20 KIDS COOKIE CUTTERS,SET OF 3 CAKE TINS PANTRY DESIGN,29
336888,JUMBO BAG RED RETROSPOT,LUNCH BAG  BLACK SKULL.,29
330712,JAM MAKING SET WITH JARS,PACK OF 20 NAPKINS PANTRY DESIGN,29
336967,JUMBO BAG RED RETROSPOT,JUMBO BAG TOYS,29
164578,CLOTHES PEGS RETROSPOT PACK 24,SET/20 RED RETROSPOT PAPER NAPKINS,29
130211,CERAMIC HEART FAIRY CAKE MONEY BANK,CERAMIC STRAWBERRY CAKE MONEY BANK,29
350024,LARGE HEART MEASURING SPOONS,SET OF 3 HEART COOKIE CUTTERS,29
618971,WHITE HANGING HEART T-LIGHT HOLDER,WHITE METAL LANTERN,29
418519,PACK OF 60 DINOSAUR CAKE CASES,PACK OF 72 SKULL CAKE CASES,29
485560,RED RETROSPOT CAKE STAND,RED RETROSPOT TRADITIONAL TEAPOT,29
238355,FELTCRAFT CUSHION RABBIT,FELTCRAFT PRINCESS CHARLOTTE DOLL,29
174251,CREAM CUPID HEARTS COAT HANGER,WOODEN FRAME ANTIQUE WHITE,29
266833,GIN + TONIC DIET METAL SIGN,METAL SIGN TAKE IT OR LEAVE IT,29
266424,GIN + TONIC DIET METAL SIGN,RED HANGING HEART T-LIGHT HOLDER,29
310991,HERB MARKER CHIVES,HERB MARKER THYME,29
136084,CHARLOTTE BAG SUKI DESIGN,LUNCH BAG RED RETROSPOT,29
44922,ALARM CLOCK BAKELIKE RED,REGENCY CAKESTAND 3 TIER,29
419606,PACK OF 60 PINK PAISLEY CAKE CASES,PACK OF 60 SPACEBOY CAKE CASES,29
463520,PLEASE ONE PERSON METAL SIGN,POTTERING IN THE SHED METAL SIGN,29
307530,HEART OF WICKER SMALL,KEY FOB ,29
336924,JUMBO BAG RED RETROSPOT,LUNCH BAG SPACEBOY DESIGN,29
307013,HEART OF WICKER SMALL,LUNCH BAG RED RETROSPOT,29
505798,REX CASH+CARRY JUMBO SHOPPER,SET OF 3 CAKE TINS PANTRY DESIGN,29
266756,GIN + TONIC DIET METAL SIGN,HOT BATHS METAL SIGN,29
291008,HAND WARMER BIRD DESIGN,PAPER CHAIN KIT 50'S CHRISTMAS,29
342630,KEY FOB ,WASHROOM METAL SIGN,29
396470,NATURAL SLATE HEART CHALKBOARD,RECIPE BOX PANTRY YELLOW DESIGN,29
66117,BAKING MOULD HEART WHITE CHOCOLATE,SET OF 3 HEART COOKIE CUTTERS,29
419162,PACK OF 60 MUSHROOM CAKE CASES,PACK OF 60 PINK PAISLEY CAKE CASES,28
329839,JAM MAKING SET PRINTED,SET OF 3 HEART COOKIE CUTTERS,28
365663,LUNCH BAG SUKI  DESIGN,SMALL POPCORN HOLDER,28
304708,HEART IVORY TRELLIS LARGE,HEART IVORY TRELLIS SMALL,28
439123,PHOTO FRAME CORNICE,WOODEN FRAME ANTIQUE WHITE,28
320280,HOT WATER BOTTLE I AM SO POORLY,WHITE HANGING HEART T-LIGHT HOLDER,28
443999,PINK  POLKADOT CUP,RED RETROSPOT CUP,28
284558,GREY HEART HOT WATER BOTTLE,HEART OF WICKER LARGE,28
78720,BISCUIT TIN VINTAGE GREEN,BISCUIT TIN VINTAGE RED,28
163839,CLEAR DRAWER KNOB ACRYLIC EDWARDIAN,PINK DRAWER KNOB ACRYLIC EDWARDIAN,28
329208,JAM JAR WITH PINK LID,SET OF 3 CAKE TINS PANTRY DESIGN,28
174138,CREAM CUPID HEARTS COAT HANGER,WOOD 2 DRAWER CABINET WHITE FINISH,28
535391,SET OF 3 HEART COOKIE CUTTERS,SET OF 72 PINK HEART PAPER DOILIES,28
342808,KEY FOB ,PACK OF 72 RETROSPOT CAKE CASES,28
174148,CREAM CUPID HEARTS COAT HANGER,WOOD S/3 CABINET ANT WHITE FINISH,28
514015,ROSES REGENCY TEACUP AND SAUCER,SET OF 3 CAKE TINS PANTRY DESIGN,28
337045,JUMBO BAG RED RETROSPOT,SET/20 RED RETROSPOT PAPER NAPKINS,28
419645,PACK OF 60 PINK PAISLEY CAKE CASES,PACK OF 72 SKULL CAKE CASES,28
170729,COOK WITH WINE METAL SIGN,HEART OF WICKER SMALL,28
338179,JUMBO BAG SPACEBOY DESIGN,JUMBO BAG STRAWBERRY,28
336952,JUMBO BAG RED RETROSPOT,LUNCH BAG PINK POLKADOT,28
289239,HAND OVER THE CHOCOLATE   SIGN,HEART OF WICKER LARGE,28
282970,GREEN REGENCY TEACUP AND SAUCER,PACK OF 20 NAPKINS PANTRY DESIGN,28
365013,LUNCH BAG SPACEBOY DESIGN,WHITE HANGING HEART T-LIGHT HOLDER,28
146766,CHILDS GARDEN TROWEL BLUE,CHILDS GARDEN TROWEL PINK,28
177657,CREAM SWEETHEART MINI CHEST,HEART OF WICKER SMALL,28
177658,CREAM SWEETHEART MINI CHEST,HEART OF WICKER LARGE,28
342643,KEY FOB ,SET OF 3 CAKE TINS PANTRY DESIGN,28
310990,HERB MARKER CHIVES,HERB MARKER ROSEMARY,28
461845,PLASTERS IN TIN STRONGMAN,PLASTERS IN TIN VINTAGE PAISLEY,28
193158,DOLLY GIRL LUNCH BOX,WHITE HANGING HEART T-LIGHT HOLDER,28
348909,LARGE CAKE TOWEL PINK SPOTS,SWISS ROLL TOWEL,28
532383,SET OF 20 KIDS COOKIE CUTTERS,SET OF 3 BUTTERFLY COOKIE CUTTERS,28
481029,RED HANGING HEART T-LIGHT HOLDER,REX CASH+CARRY JUMBO SHOPPER,28
290150,HAND WARMER BABUSHKA DESIGN,REGENCY CAKESTAND 3 TIER,28
345001,KITCHEN METAL SIGN,TOILET METAL SIGN,28
486830,RED RETROSPOT CUP,RED RETROSPOT PLATE,28
96305,BLUE POLKADOT CUP,RED RETROSPOT BOWL,28
338156,JUMBO BAG SPACEBOY DESIGN,JUMBO STORAGE BAG SUKI,28
527513,SET 3 PAPER VINTAGE CHICK PAPER EGG,SET 3 SONG BIRD PAPER EGGS ASSORTED,28
455214,PINK POLKADOT BOWL,RED RETROSPOT BOWL,28
72199,BATH BUILDING BLOCK WORD,COLOUR GLASS T-LIGHT HOLDER HANGING,28
281975,GREEN POLKADOT BOWL,GREEN POLKADOT PLATE,28
306176,HEART OF WICKER LARGE,WOOD BLACK BOARD ANT WHITE FINISH,28
55125,ASSORTED COLOUR BIRD ORNAMENT,HEART OF WICKER SMALL,28
420763,PACK OF 72 RETROSPOT CAKE CASES,RECIPE BOX RETROSPOT,28
334052,JUMBO  BAG BAROQUE BLACK WHITE,JUMBO BAG PINK VINTAGE PAISLEY,28
326924,IVORY KITCHEN SCALES,JAM MAKING SET PRINTED,28
41466,ALARM CLOCK BAKELIKE GREEN,IVORY KITCHEN SCALES,28
164786,CLOTHES PEGS RETROSPOT PACK 24,RECIPE BOX RETROSPOT,28
41464,ALARM CLOCK BAKELIKE GREEN,RED KITCHEN SCALES,28
14013,20 DOLLY PEGS RETROSPOT,CLOTHES PEGS RETROSPOT PACK 24,28
473597,RECIPE BOX BLUE SKETCHBOOK DESIGN,RECIPE BOX RETROSPOT,28
85559,BLACK/BLUE POLKADOT UMBRELLA,RED RETROSPOT UMBRELLA,28
307296,HEART OF WICKER SMALL,LUNCH BAG  BLACK SKULL.,28
415456,PACK OF 20 SKULL PAPER NAPKINS,SET/20 RED RETROSPOT PAPER NAPKINS,28
150226,CHOCOLATE HOT WATER BOTTLE,HOT WATER BOTTLE TEA AND SYMPATHY,28
44864,ALARM CLOCK BAKELIKE RED,ASSORTED COLOUR BIRD ORNAMENT,28
340041,JUMBO SHOPPER VINTAGE RED PAISLEY,JUMBO STORAGE BAG SKULLS,28
485155,RED RETROSPOT BUTTER DISH,RED RETROSPOT SUGAR JAM BOWL,28
456414,PINK REGENCY TEACUP AND SAUCER,REGENCY CAKESTAND 3 TIER,28
329896,JAM MAKING SET PRINTED,RECIPE BOX RETROSPOT,28
345866,KNITTED UNION FLAG HOT WATER BOTTLE,WOOD 2 DRAWER CABINET WHITE FINISH,28
420899,PACK OF 72 RETROSPOT CAKE CASES,SET OF 3 HEART COOKIE CUTTERS,28
327184,IVORY KITCHEN SCALES,JAM MAKING SET WITH JARS,28
134948,CHARLOTTE BAG DOLLY GIRL DESIGN,CHARLOTTE BAG SUKI DESIGN,28
63665,BAKING MOULD CHOCOLATE CUPCAKES,BAKING MOULD HEART WHITE CHOCOLATE,28
482800,RED KITCHEN SCALES,REGENCY CAKESTAND 3 TIER,28
594039,TOAST ITS - I LOVE YOU,WHITE HANGING HEART T-LIGHT HOLDER,28
306086,HEART OF WICKER LARGE,ZINC METAL HEART DECORATION,28
463474,PLEASE ONE PERSON METAL SIGN,REGENCY CAKESTAND 3 TIER,28
358275,LOVE BUILDING BLOCK WORD,PHOTO FRAME CORNICE,28
266534,GIN + TONIC DIET METAL SIGN,YOU'RE CONFUSING ME METAL SIGN,28
317092,HOMEMADE JAM SCENTED CANDLES,RECIPE BOX PANTRY YELLOW DESIGN,28
420869,PACK OF 72 RETROSPOT CAKE CASES,RED HANGING HEART T-LIGHT HOLDER,28
231142,FAWN BLUE HOT WATER BOTTLE,HAND WARMER BABUSHKA DESIGN,27
175877,CREAM HEART CARD HOLDER,HEART OF WICKER SMALL,27
335884,JUMBO BAG PINK POLKADOT,JUMBO BAG SPACEBOY DESIGN,27
420765,PACK OF 72 RETROSPOT CAKE CASES,RECIPE BOX PANTRY YELLOW DESIGN,27
329812,JAM MAKING SET PRINTED,NATURAL SLATE HEART CHALKBOARD,27
284239,GREY FLORAL FELTCRAFT SHOULDER BAG,PINK FLORAL FELTCRAFT SHOULDER BAG,27
543702,SET OF 6 SPICE TINS PANTRY DESIGN,SET/5 RED RETROSPOT LID GLASS BOWLS,27
150403,CHOCOLATE HOT WATER BOTTLE,HOT WATER BOTTLE BABUSHKA,27
284238,GREY FLORAL FELTCRAFT SHOULDER BAG,RED FLORAL FELTCRAFT SHOULDER BAG,27
170802,COOK WITH WINE METAL SIGN,POTTERING IN THE SHED METAL SIGN,27
329815,JAM MAKING SET PRINTED,PACK OF 60 PINK PAISLEY CAKE CASES,27
56445,ASSORTED COLOUR MINI CASES,RED RETROSPOT MINI CASES,27
338692,JUMBO BAG STRAWBERRY,JUMBO BAG WOODLAND ANIMALS,27
175831,CREAM HEART CARD HOLDER,HEART OF WICKER LARGE,27
164668,CLOTHES PEGS RETROSPOT PACK 24,HEART OF WICKER SMALL,27
231143,FAWN BLUE HOT WATER BOTTLE,GREY HEART HOT WATER BOTTLE,27
65694,BAKING MOULD HEART MILK CHOCOLATE,SET OF 3 HEART COOKIE CUTTERS,27
231571,FAWN BLUE HOT WATER BOTTLE,WHITE HANGING HEART T-LIGHT HOLDER,27
425887,PAPER BUNTING RETROSPOT,SET/20 RED RETROSPOT PAPER NAPKINS,27
326219,IVORY HANGING DECORATION  HEART,WHITE HANGING HEART T-LIGHT HOLDER,27
342862,60 TEATIME FAIRY CAKE CASES,KEY FOB ,27
266610,GIN + TONIC DIET METAL SIGN,I'M ON HOLIDAY METAL SIGN,27
337025,JUMBO BAG RED RETROSPOT,LUNCH BAG CARS BLUE,27
281029,GREEN GIANT GARDEN THERMOMETER,IVORY GIANT GARDEN THERMOMETER,27
31317,6 RIBBONS RUSTIC CHARM,SET OF 3 CAKE TINS PANTRY DESIGN,27
468450,POSTAGE,RED RETROSPOT MINI CASES,27
267285,GIN AND TONIC MUG,I CAN ONLY PLEASE ONE PERSON MUG,27
289182,HAND OVER THE CHOCOLATE   SIGN,METAL SIGN TAKE IT OR LEAVE IT,27
195639,DOORMAT ENGLISH ROSE,DOORMAT RED RETROSPOT,27
44572,ALARM CLOCK BAKELIKE RED,RED DINER WALL CLOCK,27
197359,DOORMAT HEARTS,LOVE BUILDING BLOCK WORD,27
289203,HAND OVER THE CHOCOLATE   SIGN,YOU'RE CONFUSING ME METAL SIGN,27
41467,ALARM CLOCK BAKELIKE GREEN,SET OF 3 CAKE TINS PANTRY DESIGN,27
362594,LUNCH BAG CARS BLUE,WHITE HANGING HEART T-LIGHT HOLDER,27
468416,POSTAGE,ROUND SNACK BOXES SET OF 4 FRUITS,27
306178,HEART OF WICKER LARGE,VICTORIAN GLASS HANGING T-LIGHT,27
306179,HEART OF WICKER LARGE,WOOD S/3 CABINET ANT WHITE FINISH,27
82075,BLACK HEART CARD HOLDER,CREAM HEART CARD HOLDER,27
498229,REGENCY CAKESTAND 3 TIER,SET OF 6 SPICE TINS PANTRY DESIGN,27
177514,CREAM SWEETHEART MINI CHEST,WHITE HANGING HEART T-LIGHT HOLDER,27
340056,JUMBO SHOPPER VINTAGE RED PAISLEY,LUNCH BAG RED RETROSPOT,27
416280,PACK OF 6 BIRDY GIFT TAGS,REGENCY CAKESTAND 3 TIER,27
304651,HEART IVORY TRELLIS LARGE,WHITE HANGING HEART T-LIGHT HOLDER,27
335273,JUMBO BAG OWLS,JUMBO BAG SPACEBOY DESIGN,27
335312,JUMBO BAG OWLS,JUMBO BAG PINK VINTAGE PAISLEY,27
406351,PACK 20 ENGLISH ROSE PAPER NAPKINS,SET/20 RED RETROSPOT PAPER NAPKINS,27
516251,ROUND SNACK BOXES SET OF 4 FRUITS,SPACEBOY LUNCH BOX,27
555005,SET/5 RED RETROSPOT LID GLASS BOWLS,WHITE HANGING HEART T-LIGHT HOLDER,27
443966,PINK  POLKADOT CUP,PINK POLKADOT BOWL,27
330036,JAM MAKING SET PRINTED,PACK OF 20 NAPKINS PANTRY DESIGN,27
72399,BATHROOM METAL SIGN,HEART OF WICKER SMALL,27
320118,HOT WATER BOTTLE I AM SO POORLY,KNITTED UNION FLAG HOT WATER BOTTLE,27
52181,AREA PATROLLED METAL SIGN,HAND OVER THE CHOCOLATE   SIGN,27
462917,PLASTERS IN TIN WOODLAND ANIMALS,POSTAGE,27
52095,AREA PATROLLED METAL SIGN,COOK WITH WINE METAL SIGN,27
235703,FELTCRAFT BUTTERFLY HEARTS,PINK CREAM FELT CRAFT TRINKET BOX,27
414490,PACK OF 20 NAPKINS PANTRY DESIGN,SET OF 6 SPICE TINS PANTRY DESIGN,27
143454,CHILDS BREAKFAST SET DOLLY GIRL,CHILDS BREAKFAST SET SPACEBOY,27
345900,KNITTED UNION FLAG HOT WATER BOTTLE,WOODEN PICTURE FRAME WHITE FINISH,27
574946,SOLDIERS EGG CUP,WHITE HANGING HEART T-LIGHT HOLDER,27
345891,KNITTED UNION FLAG HOT WATER BOTTLE,RED HANGING HEART T-LIGHT HOLDER,27
516884,ROUND SNACK BOXES SET OF4 WOODLAND,SPACEBOY LUNCH BOX,27
35690,72 SWEETHEART FAIRY CAKE CASES,PINK HEART SHAPE EGG FRYING PAN,27
174390,CREAM CUPID HEARTS COAT HANGER,WOODEN PICTURE FRAME WHITE FINISH,27
330684,JAM MAKING SET WITH JARS,JUMBO BAG RED RETROSPOT,27
72021,BATH BUILDING BLOCK WORD,PLEASE ONE PERSON METAL SIGN,27
17275,3 PIECE SPACEBOY COOKIE CUTTER SET,SET OF 3 BUTTERFLY COOKIE CUTTERS,27
235702,FELTCRAFT BUTTERFLY HEARTS,PINK BLUE FELT CRAFT TRINKET BOX,26
289205,HAND OVER THE CHOCOLATE   SIGN,POTTERING IN THE SHED METAL SIGN,26
161212,CIRCUS PARADE LUNCH BOX,SPACEBOY LUNCH BOX,26
152544,CHRISTMAS CRAFT TREE TOP ANGEL,PAPER CHAIN KIT 50'S CHRISTMAS,26
161210,CIRCUS PARADE LUNCH BOX,DOLLY GIRL LUNCH BOX,26
235671,FELTCRAFT BUTTERFLY HEARTS,WHITE HANGING HEART T-LIGHT HOLDER,26
306107,HEART OF WICKER LARGE,LUNCH BAG RED RETROSPOT,26
497666,RED WOOLLY HOTTIE WHITE HEART.,WOODEN FRAME ANTIQUE WHITE,26
307162,HEART OF WICKER SMALL,IVORY HANGING DECORATION  HEART,26
550618,SET/20 RED RETROSPOT PAPER NAPKINS,WHITE HANGING HEART T-LIGHT HOLDER,26
417501,PACK OF 6 SKULL PAPER CUPS,PACK OF 6 SKULL PAPER PLATES,26
556380,SET/6 PINK  BUTTERFLY T-LIGHTS,SET/6 TURQUOISE BUTTERFLY T-LIGHTS,26
145578,CHILDS GARDEN FORK PINK,CHILDS GARDEN TROWEL PINK,26
18312,3 STRIPEY MICE FELTCRAFT,FELTCRAFT BUTTERFLY HEARTS,26
357543,LONDON BUS COFFEE MUG,SOLDIERS EGG CUP,26
303221,HEART FILIGREE DOVE  SMALL,WHITE HANGING HEART T-LIGHT HOLDER,26
318130,HOT BATHS METAL SIGN,KEY FOB ,26
421015,PACK OF 72 RETROSPOT CAKE CASES,RETROSPOT CHILDRENS APRON,26
95495,BLUE POLKADOT BOWL,PINK  POLKADOT CUP,26
337019,JUMBO BAG RED RETROSPOT,SET OF 3 CAKE TINS PANTRY DESIGN,26
396449,NATURAL SLATE HEART CHALKBOARD,NATURAL SLATE RECTANGLE CHALKBOARD,26
420887,PACK OF 72 RETROSPOT CAKE CASES,SET OF 20 KIDS COOKIE CUTTERS,26
304811,HEART IVORY TRELLIS LARGE,HEART OF WICKER LARGE,26
360926,LOVEBIRD HANGING DECORATION WHITE,WHITE HANGING HEART T-LIGHT HOLDER,26
223306,ENGLISH ROSE HOT WATER BOTTLE,KNITTED UNION FLAG HOT WATER BOTTLE,26
33235,60 CAKE CASES DOLLY GIRL DESIGN,PACK OF 72 RETROSPOT CAKE CASES,26
624092,WOOD 2 DRAWER CABINET WHITE FINISH,WOOD BLACK BOARD ANT WHITE FINISH,26
461302,PLASTERS IN TIN SPACEBOY,POSTAGE,26
498300,REGENCY CAKESTAND 3 TIER,SPACEBOY LUNCH BOX,26
136175,CHARLOTTE BAG SUKI DESIGN,JUMBO STORAGE BAG SUKI,26
358520,LOVE BUILDING BLOCK WORD,SET OF 3 CAKE TINS PANTRY DESIGN,26
34720,60 TEATIME FAIRY CAKE CASES,PACK OF 60 SPACEBOY CAKE CASES,26
292731,HAND WARMER SCOTTY DOG DESIGN,KEY FOB ,26
481179,RED HANGING HEART T-LIGHT HOLDER,SET OF 3 HEART COOKIE CUTTERS,26
52182,AREA PATROLLED METAL SIGN,GIN + TONIC DIET METAL SIGN,26
188856,DINOSAUR LUNCH BOX WITH CUTLERY,STRAWBERRY LUNCH BOX WITH CUTLERY,26
395978,NATURAL SLATE CHALKBOARD LARGE,WHITE HANGING HEART T-LIGHT HOLDER,26
367038,LUNCH BOX I LOVE LONDON,PACK OF 12 LONDON TISSUES,26
298422,HANGING METAL HEART LANTERN,WHITE HANGING HEART T-LIGHT HOLDER,26
493827,RED RETROSPOT TRADITIONAL TEAPOT,WHITE HANGING HEART T-LIGHT HOLDER,26
324140,IVORY DINER WALL CLOCK,IVORY KITCHEN SCALES,26
96306,BLUE POLKADOT CUP,GREEN POLKADOT PLATE,26
290228,HAND WARMER BABUSHKA DESIGN,PAPER CHAIN KIT 50'S CHRISTMAS,26
34637,60 TEATIME FAIRY CAKE CASES,GINGERBREAD MAN COOKIE CUTTER,26
74867,BEWARE OF THE CAT METAL SIGN,NO SINGING METAL SIGN,26
314748,HOME BUILDING BLOCK WORD,SET OF 3 CAKE TINS PANTRY DESIGN,26
267898,GINGERBREAD MAN COOKIE CUTTER,PACK OF 72 RETROSPOT CAKE CASES,26
150347,CHOCOLATE HOT WATER BOTTLE,FAWN BLUE HOT WATER BOTTLE,26
444385,PINK  POLKADOT PLATE,PINK POLKADOT BOWL,26
451191,PINK HEART SHAPE EGG FRYING PAN,RED HANGING HEART T-LIGHT HOLDER,26
463507,PLEASE ONE PERSON METAL SIGN,SET OF 3 CAKE TINS PANTRY DESIGN,26
527500,SET 3 PAPER VINTAGE CHICK PAPER EGG,SET OF 3 CAKE TINS PANTRY DESIGN,26
232028,FEATHER PEN,HOT PINK,26
35786,72 SWEETHEART FAIRY CAKE CASES,TOAST ITS - I LOVE YOU,26
307226,HEART OF WICKER SMALL,WOOD S/3 CABINET ANT WHITE FINISH,26
341052,JUMBO STORAGE BAG SUKI,LUNCH BAG CARS BLUE,26
335385,JUMBO BAG OWLS,JUMBO SHOPPER VINTAGE RED PAISLEY,26
339626,JUMBO BAG WOODLAND ANIMALS,JUMBO STORAGE BAG SKULLS,26
97277,BLUE POLKADOT PLATE,GREEN POLKADOT PLATE,26
44571,ALARM CLOCK BAKELIKE RED,BLUE DINER WALL CLOCK,26
223416,ENGLISH ROSE HOT WATER BOTTLE,WHITE HANGING HEART T-LIGHT HOLDER,26
577369,SPACEBOY LUNCH BOX,WHITE HANGING HEART T-LIGHT HOLDER,26
136086,CHARLOTTE BAG SUKI DESIGN,STRAWBERRY CHARLOTTE BAG,26
179529,CUPCAKE SINGLE HOOK,METAL SIGN CUPCAKE SINGLE HOOK,26
199648,DOORMAT NEW ENGLAND,WHITE HANGING HEART T-LIGHT HOLDER,26
396415,NATURAL SLATE HEART CHALKBOARD,VICTORIAN GLASS HANGING T-LIGHT,26
88164,BLUE COAT RACK PARIS FASHION,RED COAT RACK PARIS FASHION,26
571968,SMALL RED BABUSHKA NOTEBOOK,SMALL YELLOW BABUSHKA NOTEBOOK,26
44763,ALARM CLOCK BAKELIKE RED,IVORY DINER WALL CLOCK,26
365918,LUNCH BAG SUKI  DESIGN,WHITE HANGING HEART T-LIGHT HOLDER,26
306096,HEART OF WICKER LARGE,RETROSPOT HEART HOT WATER BOTTLE,26
242693,FELTCRAFT PRINCESS CHARLOTTE DOLL,FELTCRAFT PRINCESS OLIVIA DOLL,26
129739,CERAMIC CHERRY CAKE MONEY BANK,CERAMIC STRAWBERRY CAKE MONEY BANK,26
281961,GREEN POLKADOT BOWL,PINK POLKADOT BOWL,26
329865,JAM MAKING SET PRINTED,SET/5 RED RETROSPOT LID GLASS BOWLS,26
50138,ANTIQUE SILVER TEA GLASS ETCHED,VICTORIAN GLASS HANGING T-LIGHT,26
345899,KNITTED UNION FLAG HOT WATER BOTTLE,WOODEN FRAME ANTIQUE WHITE,26
330054,JAM MAKING SET PRINTED,TRAVEL SEWING KIT,26
552492,SET/3 RED GINGHAM ROSE STORAGE BOX,WHITE HANGING HEART T-LIGHT HOLDER,26
329872,JAM MAKING SET PRINTED,SMALL POPCORN HOLDER,26
474627,RECIPE BOX RETROSPOT,SET/20 RED RETROSPOT PAPER NAPKINS,26
34042,60 CAKE CASES VINTAGE CHRISTMAS,PAPER CHAIN KIT 50'S CHRISTMAS,26
329861,JAM MAKING SET PRINTED,LUNCH BAG RED RETROSPOT,26
474033,RECIPE BOX PANTRY YELLOW DESIGN,REX CASH+CARRY JUMBO SHOPPER,26
379889,METAL SIGN,METAL SIGN CUPCAKE SINGLE HOOK,26
49736,ANTIQUE SILVER TEA GLASS ENGRAVED,ANTIQUE SILVER TEA GLASS ETCHED,26
31320,6 RIBBONS RUSTIC CHARM,JAM MAKING SET PRINTED,26
170756,COOK WITH WINE METAL SIGN,RED HANGING HEART T-LIGHT HOLDER,26
474002,RECIPE BOX PANTRY YELLOW DESIGN,SET OF 6 HERB TINS SKETCHBOOK,26
474614,RECIPE BOX RETROSPOT,SET OF 6 SPICE TINS PANTRY DESIGN,26
329863,JAM MAKING SET PRINTED,SET/20 RED RETROSPOT PAPER NAPKINS,26
175941,CREAM HEART CARD HOLDER,NATURAL SLATE HEART CHALKBOARD,26
45808,ALPHABET STENCIL CRAFT,HAPPY STENCIL CRAFT,26
145236,CHILDS GARDEN FORK BLUE,CHILDS GARDEN FORK PINK,26
475669,RECYCLING BAG RETROSPOT,TOY TIDY SPACEBOY,26
414544,PACK OF 20 NAPKINS PANTRY DESIGN,ROSES REGENCY TEACUP AND SAUCER,26
346583,LADIES & GENTLEMEN METAL SIGN,WHITE HANGING HEART T-LIGHT HOLDER,26
145221,CHILDS GARDEN FORK BLUE,CHILDS GARDEN TROWEL PINK,26
50201,ANTIQUE SILVER TEA GLASS ETCHED,WHITE HANGING HEART T-LIGHT HOLDER,26
509977,ROBOT BIRTHDAY CARD,SPACEBOY BIRTHDAY CARD,26
345873,KNITTED UNION FLAG HOT WATER BOTTLE,WOOD S/3 CABINET ANT WHITE FINISH,26
282952,GREEN REGENCY TEACUP AND SAUCER,SET OF 3 CAKE TINS PANTRY DESIGN,26
132281,CERAMIC STRAWBERRY CAKE MONEY BANK,STRAWBERRY CERAMIC TRINKET BOX,25
314562,HOME BUILDING BLOCK WORD,REGENCY CAKESTAND 3 TIER,25
29678,6 CHOCOLATE LOVE HEART T-LIGHTS,WHITE HANGING HEART T-LIGHT HOLDER,25
337645,JUMBO BAG SCANDINAVIAN PAISLEY,JUMBO BAG WOODLAND ANIMALS,25
325028,IVORY GIANT GARDEN THERMOMETER,WHITE HANGING HEART T-LIGHT HOLDER,25
409679,PACK OF 12 LONDON TISSUES,SOLDIERS EGG CUP,25
150460,CHOCOLATE HOT WATER BOTTLE,RED HANGING HEART T-LIGHT HOLDER,25
336342,JUMBO BAG PINK VINTAGE PAISLEY,JUMBO BAG WOODLAND ANIMALS,25
335901,JUMBO BAG PINK POLKADOT,LUNCH BAG PINK POLKADOT,25
289185,HAND OVER THE CHOCOLATE   SIGN,LOVE BUILDING BLOCK WORD,25
439122,PHOTO FRAME CORNICE,WOODEN PICTURE FRAME WHITE FINISH,25
335890,JUMBO BAG PINK POLKADOT,JUMBO BAG TOYS,25
361901,LUNCH BAG  BLACK SKULL.,PACK OF 72 RETROSPOT CAKE CASES,25
34744,60 TEATIME FAIRY CAKE CASES,SET/20 RED RETROSPOT PAPER NAPKINS,25
498254,REGENCY CAKESTAND 3 TIER,WOODEN FRAME ANTIQUE WHITE,25
325103,IVORY GIANT GARDEN THERMOMETER,JAM MAKING SET WITH JARS,25
335841,JUMBO BAG PINK POLKADOT,WHITE HANGING HEART T-LIGHT HOLDER,25
358297,LOVE BUILDING BLOCK WORD,WOODEN FRAME ANTIQUE WHITE,25
370661,MAGIC DRAWING SLATE DOLLY GIRL,MAGIC DRAWING SLATE SPACEBOY,25
314649,HOME BUILDING BLOCK WORD,PLEASE ONE PERSON METAL SIGN,25
460299,PLASTERS IN TIN CIRCUS PARADE,PLASTERS IN TIN VINTAGE PAISLEY,25
320239,HOT WATER BOTTLE I AM SO POORLY,HOT WATER BOTTLE TEA AND SYMPATHY,25
197424,DOORMAT HEARTS,DOORMAT NEW ENGLAND,25
535924,SET OF 3 NOTEBOOKS IN PARCEL,WHITE HANGING HEART T-LIGHT HOLDER,25
460801,PLASTERS IN TIN SKULLS,PLASTERS IN TIN VINTAGE PAISLEY,25
329783,JAM MAKING SET PRINTED,SET OF 20 KIDS COOKIE CUTTERS,25
289193,HAND OVER THE CHOCOLATE   SIGN,I'M ON HOLIDAY METAL SIGN,25
303128,HEART FILIGREE DOVE  SMALL,HEART FILIGREE DOVE LARGE,25
329794,JAM MAKING SET PRINTED,ROSES REGENCY TEACUP AND SAUCER,25
307081,HEART OF WICKER SMALL,JAM MAKING SET WITH JARS,25
228964,FAMILY PHOTO FRAME CORNICE,TRIPLE PHOTO FRAME CORNICE,25
35059,60 TEATIME FAIRY CAKE CASES,SET OF 36 TEATIME PAPER DOILIES,25
514027,ROSES REGENCY TEACUP AND SAUCER,WHITE HANGING HEART T-LIGHT HOLDER,25
137985,CHICK GREY HOT WATER BOTTLE,FAWN BLUE HOT WATER BOTTLE,25
421063,PACK OF 72 RETROSPOT CAKE CASES,SET/6 RED SPOTTY PAPER PLATES,25
318127,HOT BATHS METAL SIGN,NO SINGING METAL SIGN,25
324326,IVORY DINER WALL CLOCK,SET OF 3 CAKE TINS PANTRY DESIGN,25
31352,6 RIBBONS RUSTIC CHARM,REGENCY CAKESTAND 3 TIER,25
197279,DOORMAT HEARTS,DOORMAT UNION FLAG,25
334014,JUMBO  BAG BAROQUE BLACK WHITE,JUMBO BAG WOODLAND ANIMALS,25
64373,BAKING MOULD EASTER EGG MILK CHOC,BAKING MOULD EASTER EGG WHITE CHOC,25
607636,VINTAGE BILLBOARD DRINK ME MUG,VINTAGE BILLBOARD LOVE/HATE MUG,25
36034,72 SWEETHEART FAIRY CAKE CASES,SET OF 20 KIDS COOKIE CUTTERS,25
284742,GREY HEART HOT WATER BOTTLE,REGENCY CAKESTAND 3 TIER,25
282948,GREEN REGENCY TEACUP AND SAUCER,JAM MAKING SET WITH JARS,25
237083,FELTCRAFT CUSHION BUTTERFLY,FELTCRAFT PRINCESS CHARLOTTE DOLL,25
34923,60 TEATIME FAIRY CAKE CASES,REGENCY CAKESTAND 3 TIER,25
492685,RED RETROSPOT SUGAR JAM BOWL,RETROSPOT LARGE MILK JUG,25
165245,CLOTHES PEGS RETROSPOT PACK 24,SOLDIERS EGG CUP,25
365662,LUNCH BAG SUKI  DESIGN,SPACEBOY LUNCH BOX,25
307270,HEART OF WICKER SMALL,PINK HEART SHAPE EGG FRYING PAN,25
209876,EASTER TIN BUNNY BOUQUET,EASTER TIN KEEPSAKE,25
364348,LUNCH BAG RED RETROSPOT,SET OF 3 CAKE TINS PANTRY DESIGN,25
381924,METAL SIGN TAKE IT OR LEAVE IT,WHITE HANGING HEART T-LIGHT HOLDER,25
396510,NATURAL SLATE HEART CHALKBOARD,WOODEN FRAME ANTIQUE WHITE,25
34671,60 TEATIME FAIRY CAKE CASES,SET OF 3 CAKE TINS PANTRY DESIGN,25
342601,KEY FOB ,PAPER CHAIN KIT VINTAGE CHRISTMAS,25
35714,72 SWEETHEART FAIRY CAKE CASES,REX CASH+CARRY JUMBO SHOPPER,25
306157,HEART OF WICKER LARGE,METAL 4 HOOK HANGER FRENCH CHATEAU,25
335503,JUMBO BAG OWLS,LUNCH BAG RED RETROSPOT,25
41619,ALARM CLOCK BAKELIKE GREEN,REGENCY CAKESTAND 3 TIER,25
533917,SET OF 3 CAKE TINS PANTRY DESIGN,WOODEN FRAME ANTIQUE WHITE,25
200614,DOORMAT RED RETROSPOT,JUMBO BAG RED RETROSPOT,25
200596,DOORMAT RED RETROSPOT,NATURAL SLATE HEART CHALKBOARD,25
342584,KEY FOB ,SET OF 6 SPICE TINS PANTRY DESIGN,25
118590,CANDLEHOLDER PINK HANGING HEART,WOODEN FRAME ANTIQUE WHITE,25
35773,72 SWEETHEART FAIRY CAKE CASES,SET OF 72 RETROSPOT PAPER  DOILIES,25
521550,SAVE THE PLANET MUG,WHITE HANGING HEART T-LIGHT HOLDER,25
34244,60 CAKE CASES VINTAGE CHRISTMAS,PAPER CHAIN KIT VINTAGE CHRISTMAS,25
164602,CLOTHES PEGS RETROSPOT PACK 24,LUNCH BAG RED RETROSPOT,25
423043,PAINTED METAL PEARS ASSORTED,WHITE HANGING HEART T-LIGHT HOLDER,25
205990,DOORSTOP RETROSPOT HEART,WHITE HANGING HEART T-LIGHT HOLDER,25
526712,SET 2 TEA TOWELS I LOVE LONDON,SOLDIERS EGG CUP,25
485106,RED RETROSPOT BUTTER DISH,RETROSPOT LARGE MILK JUG,25
192863,DOLLY GIRL LUNCH BOX,LUNCH BAG RED RETROSPOT,25
192939,DOLLY GIRL LUNCH BOX,LOVE BUILDING BLOCK WORD,25
96346,BLUE POLKADOT CUP,RED RETROSPOT PLATE,25
41543,ALARM CLOCK BAKELIKE GREEN,PAPER CHAIN KIT 50'S CHRISTMAS,25
307541,HEART OF WICKER SMALL,METAL 4 HOOK HANGER FRENCH CHATEAU,25
118476,CANDLEHOLDER PINK HANGING HEART,PLEASE ONE PERSON METAL SIGN,25
335771,JUMBO BAG PINK POLKADOT,LUNCH BAG SUKI  DESIGN,25
10877,12 PENCILS TALL TUBE RED RETROSPOT,12 PENCILS TALL TUBE SKULLS,25
55328,ASSORTED COLOUR BIRD ORNAMENT,SET OF 3 HEART COOKIE CUTTERS,25
130234,CERAMIC HEART FAIRY CAKE MONEY BANK,WHITE HANGING HEART T-LIGHT HOLDER,25
366443,LUNCH BAG WOODLAND,ROUND SNACK BOXES SET OF4 WOODLAND,25
457, BACK DOOR, SHED,25
420830,PACK OF 72 RETROSPOT CAKE CASES,SPACEBOY LUNCH BOX,25
88165,BLUE COAT RACK PARIS FASHION,YELLOW COAT RACK PARIS FASHION,25
420218,PACK OF 60 SPACEBOY CAKE CASES,PACK OF 72 SKULL CAKE CASES,25
145527,CHILDS GARDEN FORK PINK,CHILDS GARDEN TROWEL BLUE,25
307236,HEART OF WICKER SMALL,LUNCH BAG SPACEBOY DESIGN,25
474564,RECIPE BOX RETROSPOT,SET/5 RED RETROSPOT LID GLASS BOWLS,25
199660,DOORMAT NEW ENGLAND,DOORMAT UNION FLAG,25
314935,HOME BUILDING BLOCK WORD,NATURAL SLATE HEART CHALKBOARD,25
284986,GREY HEART HOT WATER BOTTLE,SET OF 3 CAKE TINS PANTRY DESIGN,25
34682,60 TEATIME FAIRY CAKE CASES,CLOTHES PEGS RETROSPOT PACK 24,25
329830,JAM MAKING SET PRINTED,JUMBO BAG RED RETROSPOT,24
320120,HOT WATER BOTTLE I AM SO POORLY,WHITE SKULL HOT WATER BOTTLE,24
329835,JAM MAKING SET PRINTED,REX CASH+CARRY JUMBO SHOPPER,24
192940,DOLLY GIRL LUNCH BOX,HOME BUILDING BLOCK WORD,24
291021,HAND WARMER BIRD DESIGN,HOT WATER BOTTLE TEA AND SYMPATHY,24
304060,HEART FILIGREE DOVE LARGE,HEART IVORY TRELLIS LARGE,24
342664,KEY FOB ,PLEASE ONE PERSON METAL SIGN,24
364395,LUNCH BAG RED RETROSPOT,RECIPE BOX PANTRY YELLOW DESIGN,24
343163,KEY FOB ,PAPER BUNTING WHITE LACE,24
97275,BLUE POLKADOT PLATE,RED RETROSPOT PLATE,24
137948,CHICK GREY HOT WATER BOTTLE,WHITE HANGING HEART T-LIGHT HOLDER,24
448363,PINK DRAWER KNOB ACRYLIC EDWARDIAN,PURPLE DRAWERKNOB ACRYLIC EDWARDIAN,24
306019,HEART OF WICKER LARGE,JAM MAKING SET WITH JARS,24
192229,DOLLY GIRL CHILDRENS EGG CUP,SPACEBOY CHILDRENS EGG CUP,24
97312,BLUE POLKADOT PLATE,RED RETROSPOT BOWL,24
387958,MINT KITCHEN SCALES,RED KITCHEN SCALES,24
97295,BLUE POLKADOT PLATE,PINK POLKADOT BOWL,24
396741,NATURAL SLATE HEART CHALKBOARD,PACK OF 72 RETROSPOT CAKE CASES,24
492164,RED RETROSPOT SMALL MILK JUG,RED RETROSPOT TRADITIONAL TEAPOT,24
97276,BLUE POLKADOT PLATE,PINK  POLKADOT PLATE,24
481084,RED HANGING HEART T-LIGHT HOLDER,TOAST ITS - I LOVE YOU,24
481081,RED HANGING HEART T-LIGHT HOLDER,SCOTTIE DOG HOT WATER BOTTLE,24
364371,LUNCH BAG RED RETROSPOT,SMALL POPCORN HOLDER,24
214157,EDWARDIAN PARASOL RED,WHITE HANGING HEART T-LIGHT HOLDER,24
34829,60 TEATIME FAIRY CAKE CASES,RECIPE BOX RETROSPOT,24
34674,60 TEATIME FAIRY CAKE CASES,SET OF 3 HEART COOKIE CUTTERS,24
43671,ALARM CLOCK BAKELIKE PINK,REGENCY CAKESTAND 3 TIER,24
34670,60 TEATIME FAIRY CAKE CASES,JAM MAKING SET WITH JARS,24
497688,RED WOOLLY HOTTIE WHITE HEART.,WOOD 2 DRAWER CABINET WHITE FINISH,24
336368,JUMBO BAG PINK VINTAGE PAISLEY,WHITE HANGING HEART T-LIGHT HOLDER,24
34727,60 TEATIME FAIRY CAKE CASES,RECIPE BOX PANTRY YELLOW DESIGN,24
290132,HAND WARMER BABUSHKA DESIGN,RED HANGING HEART T-LIGHT HOLDER,24
542877,SET OF 6 HERB TINS SKETCHBOOK,WHITE HANGING HEART T-LIGHT HOLDER,24
451182,PINK HEART SHAPE EGG FRYING PAN,RECIPE BOX RETROSPOT,24
129292,CERAMIC CAKE STAND + HANGING CAKES,MINI CAKE STAND WITH HANGING CAKES,24
197318,DOORMAT HEARTS,HEART OF WICKER LARGE,24
34928,60 TEATIME FAIRY CAKE CASES,SWEETHEART CERAMIC TRINKET BOX,24
41578,ALARM CLOCK BAKELIKE GREEN,SOLDIERS EGG CUP,24
396491,NATURAL SLATE HEART CHALKBOARD,ZINC METAL HEART DECORATION,24
334827,JUMBO BAG DOLLY GIRL DESIGN,JUMBO STORAGE BAG SUKI,24
409026,PACK OF 12 HEARTS DESIGN TISSUES,PACK OF 12 RED RETROSPOT TISSUES,24
295634,HANGING HEART JAR T-LIGHT HOLDER,WHITE HANGING HEART T-LIGHT HOLDER,24
439664,PICNIC BASKET WICKER LARGE,PICNIC BASKET WICKER SMALL,24
534067,SET OF 3 CAKE TINS PANTRY DESIGN,VICTORIAN GLASS HANGING T-LIGHT,24
139581,CHILDREN'S SPACEBOY MUG,CHILDRENS DOLLY GIRL MUG,24
366396,LUNCH BAG WOODLAND,WOODLAND CHARLOTTE BAG,24
108879,BRIGHT BLUES RIBBONS,ROMANTIC PINKS RIBBONS,24
335749,JUMBO BAG PINK POLKADOT,LUNCH BAG SPACEBOY DESIGN,24
55317,ASSORTED COLOUR BIRD ORNAMENT,VICTORIAN GLASS HANGING T-LIGHT,24
163840,CLEAR DRAWER KNOB ACRYLIC EDWARDIAN,GREEN DRAWER KNOB ACRYLIC EDWARDIAN,24
474023,RECIPE BOX PANTRY YELLOW DESIGN,SET/5 RED RETROSPOT LID GLASS BOWLS,24
266527,GIN + TONIC DIET METAL SIGN,HEART OF WICKER SMALL,24
3370, METAL, WOBBLY RABBIT ,24
74639,BEWARE OF THE CAT METAL SIGN,LADIES & GENTLEMEN METAL SIGN,24
35774,72 SWEETHEART FAIRY CAKE CASES,REGENCY CAKESTAND 3 TIER,24
134995,CHARLOTTE BAG DOLLY GIRL DESIGN,RED RETROSPOT CHARLOTTE BAG,24
164585,CLOTHES PEGS RETROSPOT PACK 24,SPACEBOY LUNCH BOX,24
55193,ASSORTED COLOUR BIRD ORNAMENT,GREEN REGENCY TEACUP AND SAUCER,24
335380,JUMBO BAG OWLS,JUMBO BAG TOYS,24
199609,DOORMAT NEW ENGLAND,DOORMAT SPOTTY HOME SWEET HOME,24
396425,NATURAL SLATE HEART CHALKBOARD,PACK OF 12 HEARTS DESIGN TISSUES,24
199650,DOORMAT NEW ENGLAND,DOORMAT RED RETROSPOT,24
234924,FELTCRAFT 6 FLOWER FRIENDS,FELTCRAFT CUSHION RABBIT,24
474141,RECIPE BOX PANTRY YELLOW DESIGN,RETROSPOT HEART HOT WATER BOTTLE,24
533943,SET OF 3 CAKE TINS PANTRY DESIGN,SWEETHEART RECIPE BOOK STAND,24
164757,CLOTHES PEGS RETROSPOT PACK 24,RED HANGING HEART T-LIGHT HOLDER,24
55127,ASSORTED COLOUR BIRD ORNAMENT,REX CASH+CARRY JUMBO SHOPPER,24
396406,NATURAL SLATE HEART CHALKBOARD,PLEASE ONE PERSON METAL SIGN,24
164718,CLOTHES PEGS RETROSPOT PACK 24,KEY FOB ,24
462988,PLASTERS IN TIN WOODLAND ANIMALS,ROUND SNACK BOXES SET OF4 WOODLAND,24
235067,FELTCRAFT 6 FLOWER FRIENDS,PINK CREAM FELT CRAFT TRINKET BOX,24
165238,CLOTHES PEGS RETROSPOT PACK 24,SET OF 3 HEART COOKIE CUTTERS,24
498335,REGENCY CAKESTAND 3 TIER,REX CASH+CARRY JUMBO SHOPPER,24
35886,72 SWEETHEART FAIRY CAKE CASES,HEART OF WICKER LARGE,24
427749,PAPER CHAIN KIT EMPIRE,PAPER CHAIN KIT RETROSPOT,24
35894,72 SWEETHEART FAIRY CAKE CASES,LUNCH BAG SUKI  DESIGN,24
268063,GINGERBREAD MAN COOKIE CUTTER,IVORY KITCHEN SCALES,24
618943,WHITE HANGING HEART T-LIGHT HOLDER,WHITE SKULL HOT WATER BOTTLE,24
90862,BLUE GIANT GARDEN THERMOMETER,IVORY GIANT GARDEN THERMOMETER,24
319408,HOT WATER BOTTLE BABUSHKA,RED WOOLLY HOTTIE WHITE HEART.,24
5658, WOBBLY RABBIT ,DECORATION ,24
303234,HEART FILIGREE DOVE  SMALL,HEART OF WICKER SMALL,24
419550,PACK OF 60 PINK PAISLEY CAKE CASES,REGENCY CAKESTAND 3 TIER,24
613008,VINTAGE UNION JACK BUNTING,WHITE HANGING HEART T-LIGHT HOLDER,24
326912,IVORY KITCHEN SCALES,LOVE BUILDING BLOCK WORD,24
338212,JUMBO BAG SPACEBOY DESIGN,LUNCH BAG RED RETROSPOT,24
138000,CHICK GREY HOT WATER BOTTLE,PAPER CHAIN KIT 50'S CHRISTMAS,24
367421,LUNCH BOX I LOVE LONDON,WHITE HANGING HEART T-LIGHT HOLDER,24
17232,3 PIECE SPACEBOY COOKIE CUTTER SET,SET OF 20 KIDS COOKIE CUTTERS,24
303897,HEART FILIGREE DOVE LARGE,WHITE HANGING HEART T-LIGHT HOLDER,24
460358,PLASTERS IN TIN CIRCUS PARADE,PLASTERS IN TIN SKULLS,24
72332,BATHROOM METAL SIGN,WHITE HANGING HEART T-LIGHT HOLDER,24
535364,SET OF 3 HEART COOKIE CUTTERS,SET/20 RED RETROSPOT PAPER NAPKINS,24
430572,PARTY BUNTING,WHITE HANGING HEART T-LIGHT HOLDER,24
420874,PACK OF 72 RETROSPOT CAKE CASES,SET/6 RED SPOTTY PAPER CUPS,24
197352,DOORMAT HEARTS,DOORMAT SPOTTY HOME SWEET HOME,24
96281,BLUE POLKADOT CUP,GREEN POLKADOT BOWL,24
55391,ASSORTED COLOUR BIRD ORNAMENT,WOOD BLACK BOARD ANT WHITE FINISH,24
571494,SMALL PURPLE BABUSHKA NOTEBOOK,SMALL RED BABUSHKA NOTEBOOK,24
476507,RED 3 PIECE RETROSPOT CUTLERY SET,RED RETROSPOT BOWL,24
358259,LOVE BUILDING BLOCK WORD,REGENCY CAKESTAND 3 TIER,24
292862,HAND WARMER SCOTTY DOG DESIGN,SCOTTIE DOG HOT WATER BOTTLE,24
314557,HOME BUILDING BLOCK WORD,SET OF 6 SPICE TINS PANTRY DESIGN,24
327118,IVORY KITCHEN SCALES,NATURAL SLATE HEART CHALKBOARD,24
63613,BAKING MOULD CHOCOLATE CUPCAKES,SET OF 3 HEART COOKIE CUTTERS,24
420921,PACK OF 72 RETROSPOT CAKE CASES,SET OF 6 SPICE TINS PANTRY DESIGN,24
231128,FAWN BLUE HOT WATER BOTTLE,HOT WATER BOTTLE BABUSHKA,24
550673,SET/20 RED RETROSPOT PAPER NAPKINS,SET/20 STRAWBERRY PAPER NAPKINS,24
396577,NATURAL SLATE HEART CHALKBOARD,SET OF 3 HEART COOKIE CUTTERS,24
31342,6 RIBBONS RUSTIC CHARM,HEART OF WICKER SMALL,24
230416,FANNY'S REST STOPMETAL SIGN,HAND OVER THE CHOCOLATE   SIGN,24
430578,PARTY BUNTING,TEA TIME PARTY BUNTING,24
197142,DOORMAT HEARTS,REGENCY CAKESTAND 3 TIER,24
33206,60 CAKE CASES DOLLY GIRL DESIGN,72 SWEETHEART FAIRY CAKE CASES,24
398923,NO SINGING METAL SIGN,RECIPE BOX PANTRY YELLOW DESIGN,24
364276,LUNCH BAG RED RETROSPOT,SET OF 3 HEART COOKIE CUTTERS,24
468407,POSTAGE,STRAWBERRY LUNCH BOX WITH CUTLERY,24
364275,LUNCH BAG RED RETROSPOT,RED 3 PIECE RETROSPOT CUTLERY SET,24
212926,EDWARDIAN PARASOL NATURAL,EDWARDIAN PARASOL RED,24
478149,RED DINER WALL CLOCK,RED KITCHEN SCALES,24
223412,ENGLISH ROSE HOT WATER BOTTLE,FAWN BLUE HOT WATER BOTTLE,24
177533,CREAM SWEETHEART MINI CHEST,LOVE BUILDING BLOCK WORD,24
342821,KEY FOB ,LOVE BUILDING BLOCK WORD,24
307079,HEART OF WICKER SMALL,HOMEMADE JAM SCENTED CANDLES,24
474596,RECIPE BOX RETROSPOT,RETROSPOT HEART HOT WATER BOTTLE,24
364258,LUNCH BAG RED RETROSPOT,WOODLAND CHARLOTTE BAG,24
337074,JUMBO BAG RED RETROSPOT,NATURAL SLATE HEART CHALKBOARD,24
420961,PACK OF 72 RETROSPOT CAKE CASES,PLEASE ONE PERSON METAL SIGN,23
290183,HAND WARMER BABUSHKA DESIGN,WHITE SKULL HOT WATER BOTTLE,23
330764,JAM MAKING SET WITH JARS,LUNCH BAG RED RETROSPOT,23
297384,HANGING HEN ON NEST DECORATION,HEN HOUSE DECORATION,23
550601,SET/20 RED RETROSPOT PAPER NAPKINS,SET/5 RED RETROSPOT LID GLASS BOWLS,23
364280,LUNCH BAG RED RETROSPOT,SPACEBOY LUNCH BOX,23
414546,PACK OF 20 NAPKINS PANTRY DESIGN,SET 20 NAPKINS FAIRY CAKES DESIGN,23
600887,TRIPLE PHOTO FRAME CORNICE,WHITE HANGING HEART T-LIGHT HOLDER,23
303937,HEART FILIGREE DOVE LARGE,HEART OF WICKER SMALL,23
314573,HOME BUILDING BLOCK WORD,RED HANGING HEART T-LIGHT HOLDER,23
197191,DOORMAT HEARTS,DOORMAT WELCOME PUPPIES,23
31468,6 RIBBONS RUSTIC CHARM,SET OF 6 SPICE TINS PANTRY DESIGN,23
462915,PLASTERS IN TIN WOODLAND ANIMALS,SPACEBOY LUNCH BOX,23
562908,SINGLE HEART ZINC T-LIGHT HOLDER,WHITE HANGING HEART T-LIGHT HOLDER,23
231253,FAWN BLUE HOT WATER BOTTLE,RED WOOLLY HOTTIE WHITE HEART.,23
306108,HEART OF WICKER LARGE,LUNCH BAG  BLACK SKULL.,23
67707,BAKING SET 9 PIECE RETROSPOT,RETROSPOT TEA SET CERAMIC 11 PC,23
338854,JUMBO BAG STRAWBERRY,JUMBO BAG TOYS,23
79202,BISCUIT TIN VINTAGE RED,ROUND CAKE TIN VINTAGE RED,23
497668,RED WOOLLY HOTTIE WHITE HEART.,WOODEN PICTURE FRAME WHITE FINISH,23
35037,60 TEATIME FAIRY CAKE CASES,RED HANGING HEART T-LIGHT HOLDER,23
533461,SET OF 3 BUTTERFLY COOKIE CUTTERS,SET OF 3 CAKE TINS PANTRY DESIGN,23
334244,JUMBO  BAG BAROQUE BLACK WHITE,LUNCH BAG RED RETROSPOT,23
319370,HOT WATER BOTTLE BABUSHKA,WHITE HANGING HEART T-LIGHT HOLDER,23
306272,HEART OF WICKER LARGE,SMALL POPCORN HOLDER,23
418489,PACK OF 60 DINOSAUR CAKE CASES,SET/20 RED RETROSPOT PAPER NAPKINS,23
486099,RED RETROSPOT CHARLOTTE BAG,STRAWBERRY CHARLOTTE BAG,23
164758,CLOTHES PEGS RETROSPOT PACK 24,SET OF 72 RETROSPOT PAPER  DOILIES,23
337098,JUMBO BAG RED RETROSPOT,PLEASE ONE PERSON METAL SIGN,23
306406,HEART OF WICKER LARGE,PACK OF 12 HEARTS DESIGN TISSUES,23
147737,CHILLI LIGHTS,WHITE HANGING HEART T-LIGHT HOLDER,23
408640,PACK OF 12 COLOURED PENCILS,PACK OF 12 TRADITIONAL CRAYONS,23
170704,COOK WITH WINE METAL SIGN,LOVE BUILDING BLOCK WORD,23
331038,JAM MAKING SET WITH JARS,SMALL POPCORN HOLDER,23
296847,HANGING HEART ZINC T-LIGHT HOLDER,HEART OF WICKER LARGE,23
36215,72 SWEETHEART FAIRY CAKE CASES,NATURAL SLATE HEART CHALKBOARD,23
306185,HEART OF WICKER LARGE,WOOD 2 DRAWER CABINET WHITE FINISH,23
329953,JAM MAKING SET PRINTED,LOVE BUILDING BLOCK WORD,23
364420,LUNCH BAG RED RETROSPOT,LUNCH BOX WITH CUTLERY RETROSPOT,23
291723,HAND WARMER OWL DESIGN,PAPER CHAIN KIT VINTAGE CHRISTMAS,23
498323,REGENCY CAKESTAND 3 TIER,SET OF 3 HEART COOKIE CUTTERS,23
34701,60 TEATIME FAIRY CAKE CASES,REX CASH+CARRY JUMBO SHOPPER,23
358298,LOVE BUILDING BLOCK WORD,WOODEN PICTURE FRAME WHITE FINISH,23
449555,PINK FLORAL FELTCRAFT SHOULDER BAG,RED FLORAL FELTCRAFT SHOULDER BAG,23
235078,FELTCRAFT 6 FLOWER FRIENDS,WHITE HANGING HEART T-LIGHT HOLDER,23
485541,RED RETROSPOT CAKE STAND,WHITE HANGING HEART T-LIGHT HOLDER,23
338715,JUMBO BAG STRAWBERRY,LUNCH BAG SUKI  DESIGN,23
97327,BLUE POLKADOT PLATE,RED RETROSPOT CUP,23
409702,PACK OF 12 LONDON TISSUES,SET 2 TEA TOWELS I LOVE LONDON,23
97300,BLUE POLKADOT PLATE,GREEN POLKADOT BOWL,23
137780,CHICK GREY HOT WATER BOTTLE,PACK OF 6 BIRDY GIFT TAGS,23
137793,CHICK GREY HOT WATER BOTTLE,GREY HEART HOT WATER BOTTLE,23
78712,BISCUIT TIN VINTAGE GREEN,ROUND CAKE TIN VINTAGE GREEN,23
136114,CHARLOTTE BAG SUKI DESIGN,LUNCH BAG  BLACK SKULL.,23
202172,DOORMAT SPOTTY HOME SWEET HOME,DOORMAT UNION FLAG,23
353352,LAUNDRY 15C METAL SIGN,PLEASE ONE PERSON METAL SIGN,23
84093,BLACK RECORD COVER FRAME,"RECORD FRAME 7"" SINGLE SIZE",23
289190,HAND OVER THE CHOCOLATE   SIGN,RED HANGING HEART T-LIGHT HOLDER,23
137829,CHICK GREY HOT WATER BOTTLE,WHITE SKULL HOT WATER BOTTLE,23
210650,EASTER TIN CHICKS PINK DAISY,EASTER TIN KEEPSAKE,23
427270,PAPER CHAIN KIT 50'S CHRISTMAS,RED WOOLLY HOTTIE WHITE HEART.,23
409197,PACK OF 12 HEARTS DESIGN TISSUES,PINK HEART SHAPE EGG FRYING PAN,23
342727,KEY FOB ,PHOTO FRAME CORNICE,23
304761,HEART IVORY TRELLIS LARGE,NATURAL SLATE HEART CHALKBOARD,23
44427,ALARM CLOCK BAKELIKE RED,REX CASH+CARRY JUMBO SHOPPER,23
306373,HEART OF WICKER LARGE,PACK OF 72 RETROSPOT CAKE CASES,23
267986,GINGERBREAD MAN COOKIE CUTTER,REGENCY CAKESTAND 3 TIER,23
284775,GREY HEART HOT WATER BOTTLE,REX CASH+CARRY JUMBO SHOPPER,23
365746,LUNCH BAG SUKI  DESIGN,WOODLAND CHARLOTTE BAG,23
95547,BLUE POLKADOT BOWL,PINK  POLKADOT PLATE,23
411674,PACK OF 12 SKULL TISSUES,PACK OF 12 SUKI TISSUES,23
427829,PAPER CHAIN KIT EMPIRE,VINTAGE UNION JACK BUNTING,23
151486,CHOCOLATE THIS WAY METAL SIGN,METAL SIGN TAKE IT OR LEAVE IT,23
363192,LUNCH BAG DOLLY GIRL DESIGN,LUNCH BAG PINK POLKADOT,23
576190,SPACEBOY BIRTHDAY CARD,TEA PARTY BIRTHDAY CARD,23
420747,PACK OF 72 RETROSPOT CAKE CASES,RED RETROSPOT CHARLOTTE BAG,23
358232,LOVE BUILDING BLOCK WORD,REX CASH+CARRY JUMBO SHOPPER,23
307043,HEART OF WICKER SMALL,PARTY BUNTING,23
150486,CHOCOLATE HOT WATER BOTTLE,ENGLISH ROSE HOT WATER BOTTLE,23
96222,BLUE POLKADOT CUP,PINK POLKADOT BOWL,23
419214,PACK OF 60 MUSHROOM CAKE CASES,PACK OF 72 RETROSPOT CAKE CASES,23
346565,LADIES & GENTLEMEN METAL SIGN,METAL SIGN TAKE IT OR LEAVE IT,23
200624,DOORMAT RED RETROSPOT,DOORMAT WELCOME PUPPIES,23
35721,72 SWEETHEART FAIRY CAKE CASES,CLOTHES PEGS RETROSPOT PACK 24,23
72499,BATHROOM METAL SIGN,NO SINGING METAL SIGN,23
503836,RETROSPOT PARTY BAG + STICKER SET,SET/20 RED RETROSPOT PAPER NAPKINS,23
396469,NATURAL SLATE HEART CHALKBOARD,RECIPE BOX RETROSPOT,23
365335,LUNCH BAG SPACEBOY DESIGN,PACK OF 72 RETROSPOT CAKE CASES,23
98517,BLUE POLKADOT WRAP,PINK POLKADOT WRAP,23
314489,HOME BUILDING BLOCK WORD,JAM MAKING SET PRINTED,23
34739,60 TEATIME FAIRY CAKE CASES,SET OF 20 KIDS COOKIE CUTTERS,23
330914,JAM MAKING SET WITH JARS,REX CASH+CARRY JUMBO SHOPPER,23
291164,HAND WARMER BIRD DESIGN,HOT WATER BOTTLE BABUSHKA,23
95467,BLUE POLKADOT BOWL,RED RETROSPOT PLATE,23
231956,FEATHER PEN,LIGHT PINK,23
300814,HAPPY STENCIL CRAFT,WOODEN SCHOOL COLOURING SET,23
358432,LOVE BUILDING BLOCK WORD,NO SINGING METAL SIGN,23
364261,LUNCH BAG RED RETROSPOT,PACK OF 60 DINOSAUR CAKE CASES,23
291769,HAND WARMER OWL DESIGN,PAPER CHAIN KIT 50'S CHRISTMAS,23
342604,KEY FOB ,LAUNDRY 15C METAL SIGN,23
396517,NATURAL SLATE HEART CHALKBOARD,WOODEN PICTURE FRAME WHITE FINISH,23
67676,BAKING SET 9 PIECE RETROSPOT,SET OF 3 CAKE TINS PANTRY DESIGN,23
443967,PINK  POLKADOT CUP,RED RETROSPOT PLATE,23
307274,HEART OF WICKER SMALL,SET OF 6 SPICE TINS PANTRY DESIGN,23
361836,LUNCH BAG  BLACK SKULL.,RED RETROSPOT CHARLOTTE BAG,23
171021,COOK WITH WINE METAL SIGN,FANNY'S REST STOPMETAL SIGN,23
41653,ALARM CLOCK BAKELIKE GREEN,BLUE DINER WALL CLOCK,23
55081,ASSORTED COLOUR BIRD ORNAMENT,JAM MAKING SET WITH JARS,23
505801,REX CASH+CARRY JUMBO SHOPPER,SET OF 6 SPICE TINS PANTRY DESIGN,23
619091,WHITE HANGING HEART T-LIGHT HOLDER,WICKER STAR,23
266532,GIN + TONIC DIET METAL SIGN,POTTERING IN THE SHED METAL SIGN,23
41654,ALARM CLOCK BAKELIKE GREEN,RED DINER WALL CLOCK,23
200568,DOORMAT RED RETROSPOT,RED HANGING HEART T-LIGHT HOLDER,23
362484,LUNCH BAG CARS BLUE,LUNCH BAG DOLLY GIRL DESIGN,23
307257,HEART OF WICKER SMALL,LADIES & GENTLEMEN METAL SIGN,23
498234,REGENCY CAKESTAND 3 TIER,SOLDIERS EGG CUP,23
505749,REX CASH+CARRY JUMBO SHOPPER,SET/20 RED RETROSPOT PAPER NAPKINS,23
336985,JUMBO BAG RED RETROSPOT,RECYCLING BAG RETROSPOT,23
33185,60 CAKE CASES DOLLY GIRL DESIGN,PACK OF 60 SPACEBOY CAKE CASES,23
174143,CREAM CUPID HEARTS COAT HANGER,WHITE METAL LANTERN,23
307012,HEART OF WICKER SMALL,LUNCH BAG SUKI  DESIGN,23
334874,JUMBO BAG DOLLY GIRL DESIGN,JUMBO BAG PINK POLKADOT,23
164895,CLOTHES PEGS RETROSPOT PACK 24,RECIPE BOX PANTRY YELLOW DESIGN,23
31424,6 RIBBONS RUSTIC CHARM,PACK OF 6 BIRDY GIFT TAGS,22
535634,SET OF 3 HEART COOKIE CUTTERS,SET OF 6 SPICE TINS PANTRY DESIGN,22
268059,GINGERBREAD MAN COOKIE CUTTER,SET OF 6 SPICE TINS PANTRY DESIGN,22
314536,HOME BUILDING BLOCK WORD,LUNCH BAG RED RETROSPOT,22
492513,RED RETROSPOT STORAGE JAR,RED RETROSPOT TRADITIONAL TEAPOT,22
330681,JAM MAKING SET WITH JARS,SET OF 6 HERB TINS SKETCHBOOK,22
409153,PACK OF 12 HEARTS DESIGN TISSUES,TOAST ITS - I LOVE YOU,22
34725,60 TEATIME FAIRY CAKE CASES,STRAWBERRY CERAMIC TRINKET BOX,22
313339,HI TEC ALPINE HAND WARMER,LOVE HEART POCKET WARMER,22
306054,HEART OF WICKER LARGE,LUNCH BAG SUKI  DESIGN,22
238987,FELTCRAFT DOLL EMILY,FELTCRAFT DOLL ROSIE,22
498547,REGENCY CAKESTAND 3 TIER,RETROSPOT HEART HOT WATER BOTTLE,22
135489,CHARLOTTE BAG PINK POLKADOT,LUNCH BAG RED RETROSPOT,22
231169,FAWN BLUE HOT WATER BOTTLE,KNITTED UNION FLAG HOT WATER BOTTLE,22
364979,LUNCH BAG SPACEBOY DESIGN,PINK 3 PIECE POLKADOT CUTLERY SET,22
430663,PARTY BUNTING,REGENCY CAKESTAND 3 TIER,22
321777,I CAN ONLY PLEASE ONE PERSON MUG,RED HANGING HEART T-LIGHT HOLDER,22
597457,TRADITIONAL MODELLING CLAY,WOODEN SCHOOL COLOURING SET,22
443965,PINK  POLKADOT CUP,RED RETROSPOT BOWL,22
474612,RECIPE BOX RETROSPOT,SET OF 3 NOTEBOOKS IN PARCEL,22
462356,PLASTERS IN TIN VINTAGE PAISLEY,WHITE HANGING HEART T-LIGHT HOLDER,22
295603,HANGING HEART JAR T-LIGHT HOLDER,NATURAL SLATE HEART CHALKBOARD,22
330176,JAM MAKING SET PRINTED,SOLDIERS EGG CUP,22
532412,SET OF 20 KIDS COOKIE CUTTERS,WHITE HANGING HEART T-LIGHT HOLDER,22
525987,SET 12 RETRO WHITE CHALK STICKS,WHITE HANGING HEART T-LIGHT HOLDER,22
149344,CHOCOLATE BOX RIBBONS,SCANDINAVIAN REDS RIBBONS,22
200604,DOORMAT RED RETROSPOT,RETROSPOT HEART HOT WATER BOTTLE,22
20267,3 TRADITIONAl BISCUIT CUTTERS  SET,GINGERBREAD MAN COOKIE CUTTER,22
170866,COOK WITH WINE METAL SIGN,REGENCY CAKESTAND 3 TIER,22
52092,AREA PATROLLED METAL SIGN,BEWARE OF THE CAT METAL SIGN,22
415467,PACK OF 20 SKULL PAPER NAPKINS,PACK OF 6 SKULL PAPER CUPS,22
282939,GREEN REGENCY TEACUP AND SAUCER,JAM MAKING SET PRINTED,22
40682,AIRLINE LOUNGE,METAL SIGN,22
346567,LADIES & GENTLEMEN METAL SIGN,RED HANGING HEART T-LIGHT HOLDER,22
341056,JUMBO STORAGE BAG SUKI,LUNCH BAG  BLACK SKULL.,22
140750,CHILDRENS APRON SPACEBOY DESIGN,PACK OF 72 RETROSPOT CAKE CASES,22
362030,LUNCH BAG  BLACK SKULL.,SET OF 3 HEART COOKIE CUTTERS,22
164921,CLOTHES PEGS RETROSPOT PACK 24,HOME BUILDING BLOCK WORD,22
290285,HAND WARMER BABUSHKA DESIGN,REX CASH+CARRY JUMBO SHOPPER,22
200625,DOORMAT RED RETROSPOT,DOORMAT SPOTTY HOME SWEET HOME,22
107008,BREAD BIN DINER STYLE IVORY,BREAD BIN DINER STYLE MINT,22
414516,PACK OF 20 NAPKINS PANTRY DESIGN,RECIPE BOX PANTRY YELLOW DESIGN,22
44593,ALARM CLOCK BAKELIKE RED,RECIPE BOX PANTRY YELLOW DESIGN,22
95477,BLUE POLKADOT BOWL,GREEN POLKADOT PLATE,22
200690,DOORMAT RED RETROSPOT,LOVE BUILDING BLOCK WORD,22
235730,FELTCRAFT BUTTERFLY HEARTS,FELTCRAFT CUSHION BUTTERFLY,22
35783,72 SWEETHEART FAIRY CAKE CASES,JUMBO BAG RED RETROSPOT,22
268000,GINGERBREAD MAN COOKIE CUTTER,SOLDIERS EGG CUP,22
339204,JUMBO BAG TOYS,JUMBO BAG WOODLAND ANIMALS,22
289309,HAND OVER THE CHOCOLATE   SIGN,RECIPE BOX PANTRY YELLOW DESIGN,22
200654,DOORMAT RED RETROSPOT,RECIPE BOX PANTRY YELLOW DESIGN,22
339609,JUMBO BAG WOODLAND ANIMALS,LUNCH BAG RED RETROSPOT,22
150325,CHOCOLATE HOT WATER BOTTLE,JUMBO BAG RED RETROSPOT,22
177588,CREAM SWEETHEART MINI CHEST,NATURAL SLATE HEART CHALKBOARD,22
358470,LOVE BUILDING BLOCK WORD,PACK OF 12 HEARTS DESIGN TISSUES,22
630391,POSTAGE,WOODLAND CHARLOTTE BAG,22
339613,JUMBO BAG WOODLAND ANIMALS,JUMBO SHOPPER VINTAGE RED PAISLEY,22
305520,HEART IVORY TRELLIS SMALL,HEART OF WICKER SMALL,22
427271,PAPER CHAIN KIT 50'S CHRISTMAS,POPPY'S PLAYHOUSE BEDROOM,22
281992,GREEN POLKADOT BOWL,RED RETROSPOT CUP,22
340672,JUMBO STORAGE BAG SKULLS,LUNCH BAG SUKI  DESIGN,22
364305,LUNCH BAG RED RETROSPOT,PLASTERS IN TIN SPACEBOY,22
455216,PINK POLKADOT BOWL,RED RETROSPOT CUP,22
307215,HEART OF WICKER SMALL,SMALL POPCORN HOLDER,22
485597,RED RETROSPOT CAKE STAND,SET OF 3 CAKE TINS PANTRY DESIGN,22
362738,LUNCH BAG CARS BLUE,WOODLAND CHARLOTTE BAG,22
55192,ASSORTED COLOUR BIRD ORNAMENT,ROSES REGENCY TEACUP AND SAUCER,22
303146,HEART FILIGREE DOVE  SMALL,HEART IVORY TRELLIS SMALL,22
44448,ALARM CLOCK BAKELIKE RED,PAPER CHAIN KIT 50'S CHRISTMAS,22
364245,LUNCH BAG RED RETROSPOT,SET/5 RED RETROSPOT LID GLASS BOWLS,22
41616,ALARM CLOCK BAKELIKE GREEN,IVORY DINER WALL CLOCK,22
307234,HEART OF WICKER SMALL,JUMBO BAG STRAWBERRY,22
571503,SMALL PURPLE BABUSHKA NOTEBOOK,SMALL YELLOW BABUSHKA NOTEBOOK,22
415131,PACK OF 20 NAPKINS RED APPLES,SET/20 RED RETROSPOT PAPER NAPKINS,22
336426,JUMBO BAG PINK VINTAGE PAISLEY,LUNCH BAG RED RETROSPOT,22
498240,REGENCY CAKESTAND 3 TIER,SCOTTIE DOG HOT WATER BOTTLE,22
314484,HOME BUILDING BLOCK WORD,WOOD 2 DRAWER CABINET WHITE FINISH,22
485561,RED RETROSPOT CAKE STAND,RED RETROSPOT ROUND CAKE TINS,22
295618,HANGING HEART JAR T-LIGHT HOLDER,HEART OF WICKER LARGE,22
336987,JUMBO BAG RED RETROSPOT,REGENCY CAKESTAND 3 TIER,22
230316,FANNY'S REST STOPMETAL SIGN,PLEASE ONE PERSON METAL SIGN,22
463531,PLEASE ONE PERSON METAL SIGN,SCOTTIE DOG HOT WATER BOTTLE,22
268028,GINGERBREAD MAN COOKIE CUTTER,PACK OF 20 NAPKINS PANTRY DESIGN,22
35787,72 SWEETHEART FAIRY CAKE CASES,LOVE BUILDING BLOCK WORD,22
375788,MAN FLU METAL SIGN,PLEASE ONE PERSON METAL SIGN,22
416443,PACK OF 6 BIRDY GIFT TAGS,REX CASH+CARRY JUMBO SHOPPER,22
235087,FELTCRAFT 6 FLOWER FRIENDS,JAM MAKING SET WITH JARS,22
315364,HOME SMALL WOOD LETTERS,WHITE HANGING HEART T-LIGHT HOLDER,22
235760,FELTCRAFT BUTTERFLY HEARTS,HEART OF WICKER SMALL,22
559663,SILK PURSE BABUSHKA BLUE,SILK PURSE BABUSHKA RED,22
420755,PACK OF 72 RETROSPOT CAKE CASES,ROSES REGENCY TEACUP AND SAUCER,22
71980,BATH BUILDING BLOCK WORD,NATURAL SLATE HEART CHALKBOARD,22
580553,STRAWBERRY CHARLOTTE BAG,WOODLAND CHARLOTTE BAG,22
136214,CHARLOTTE BAG SUKI DESIGN,JUMBO BAG RED RETROSPOT,22
70160,BALLOONS  WRITING SET,DINOSAURS  WRITING SET,22
29576,6 CHOCOLATE LOVE HEART T-LIGHTS,HEART OF WICKER SMALL,22
238226,FELTCRAFT CUSHION RABBIT,PINK BLUE FELT CRAFT TRINKET BOX,22
481028,RED HANGING HEART T-LIGHT HOLDER,SET OF 3 CAKE TINS PANTRY DESIGN,22
174386,CREAM CUPID HEARTS COAT HANGER,SET 7 BABUSHKA NESTING BOXES,22
164802,CLOTHES PEGS RETROSPOT PACK 24,RED RETROSPOT PEG BAG,22
174384,CREAM CUPID HEARTS COAT HANGER,KNITTED UNION FLAG HOT WATER BOTTLE,22
336920,JUMBO BAG RED RETROSPOT,LUNCH BAG WOODLAND,22
234922,FELTCRAFT 6 FLOWER FRIENDS,FELTCRAFT PRINCESS LOLA DOLL,22
250067,FOOD CONTAINER SET 3 LOVE HEART,LARGE HEART MEASURING SPOONS,22
358336,LOVE BUILDING BLOCK WORD,WOOD BLACK BOARD ANT WHITE FINISH,22
290148,HAND WARMER BABUSHKA DESIGN,WOODEN PICTURE FRAME WHITE FINISH,22
207249,EASTER CRAFT 4 CHICKS,FELTCRAFT 6 FLOWER FRIENDS,22
361838,LUNCH BAG  BLACK SKULL.,LUNCH BAG DOLLY GIRL DESIGN,22
420821,PACK OF 72 RETROSPOT CAKE CASES,SET/10 RED POLKADOT PARTY CANDLES,22
429246,PAPER CHAIN KIT VINTAGE CHRISTMAS,WHITE HANGING HEART T-LIGHT HOLDER,22
328740,JAM JAR WITH GREEN LID,SET OF 3 CAKE TINS PANTRY DESIGN,22
335750,JUMBO BAG PINK POLKADOT,LUNCH BAG CARS BLUE,22
307016,HEART OF WICKER SMALL,IVORY GIANT GARDEN THERMOMETER,22
239867,FELTCRAFT DOLL MOLLY,FELTCRAFT DOLL ROSIE,22
336955,JUMBO BAG RED RETROSPOT,SET/5 RED RETROSPOT LID GLASS BOWLS,22
462460,PLASTERS IN TIN VINTAGE PAISLEY,REX CASH+CARRY JUMBO SHOPPER,22
31315,6 RIBBONS RUSTIC CHARM,CHOCOLATE BOX RIBBONS,22
418631,PACK OF 60 DINOSAUR CAKE CASES,WHITE HANGING HEART T-LIGHT HOLDER,22
264781,GARLAND WOODEN HAPPY EASTER,HEART OF WICKER SMALL,22
533459,SET OF 3 BUTTERFLY COOKIE CUTTERS,WHITE HANGING HEART T-LIGHT HOLDER,22
480990,RED HANGING HEART T-LIGHT HOLDER,WOODEN FRAME ANTIQUE WHITE,22
197181,DOORMAT HEARTS,RED HANGING HEART T-LIGHT HOLDER,22
535388,SET OF 3 HEART COOKIE CUTTERS,SOLDIERS EGG CUP,22
334857,JUMBO BAG DOLLY GIRL DESIGN,JUMBO BAG SPACEBOY DESIGN,22
236395,FELTCRAFT CHRISTMAS FAIRY,FELTCRAFT CUSHION OWL,22
164795,CLOTHES PEGS RETROSPOT PACK 24,LOVE BUILDING BLOCK WORD,22
275354,GLITTER BUTTERFLY CLIPS,WHITE HANGING HEART T-LIGHT HOLDER,22
307172,HEART OF WICKER SMALL,SCOTTIE DOG HOT WATER BOTTLE,22
455610,PINK POLKADOT CHILDRENS UMBRELLA,RED RETROSPOT CHILDRENS UMBRELLA,22
307166,HEART OF WICKER SMALL,LOVEBIRD HANGING DECORATION WHITE,22
8490,12 PENCIL SMALL TUBE WOODLAND,12 PENCILS SMALL TUBE SKULL,22
266648,GIN + TONIC DIET METAL SIGN,HEART OF WICKER LARGE,22
533970,SET OF 3 CAKE TINS PANTRY DESIGN,SPACEBOY LUNCH BOX,22
296983,HANGING HEART ZINC T-LIGHT HOLDER,HEART OF WICKER SMALL,22
631506, BILLBOARD FONTS DESIGN,WRAP,22
597854,TRADITIONAL WOODEN CATCH CUP GAME,TRADITIONAL WOODEN SKIPPING ROPE,22
220428,ENAMEL MEASURING JUG CREAM,IVORY KITCHEN SCALES,22
482766,RED KITCHEN SCALES,SET OF 6 SPICE TINS PANTRY DESIGN,22
419554,PACK OF 60 PINK PAISLEY CAKE CASES,SET/20 RED RETROSPOT PAPER NAPKINS,21
353525,LAUNDRY 15C METAL SIGN,WASHROOM METAL SIGN,21
296707,HANGING HEART ZINC T-LIGHT HOLDER,NATURAL SLATE HEART CHALKBOARD,21
417541,PACK OF 6 SKULL PAPER CUPS,SET/20 RED RETROSPOT PAPER NAPKINS,21
358561,LOVE BUILDING BLOCK WORD,WELCOME  WOODEN BLOCK LETTERS,21
447966,PINK DOUGHNUT TRINKET POT,STRAWBERRY CERAMIC TRINKET BOX,21
236370,FELTCRAFT CHRISTMAS FAIRY,FELTCRAFT PRINCESS LOLA DOLL,21
230325,FANNY'S REST STOPMETAL SIGN,NO SINGING METAL SIGN,21
150385,CHOCOLATE HOT WATER BOTTLE,HEART OF WICKER SMALL,21
55571,ASSORTED COLOUR BIRD ORNAMENT,JAM MAKING SET PRINTED,21
282915,GREEN REGENCY TEACUP AND SAUCER,PACK OF 72 RETROSPOT CAKE CASES,21
503305,RETROSPOT LARGE MILK JUG,SET OF 3 CAKE TINS PANTRY DESIGN,21
497146,RED TOADSTOOL LED NIGHT LIGHT,ROUND SNACK BOXES SET OF4 WOODLAND,21
361784,LUNCH BAG  BLACK SKULL.,WHITE SKULL HOT WATER BOTTLE,21
164877,CLOTHES PEGS RETROSPOT PACK 24,HEART OF WICKER LARGE,21
429221,PAPER CHAIN KIT VINTAGE CHRISTMAS,SET OF 20 VINTAGE CHRISTMAS NAPKINS,21
503229,RETROSPOT LARGE MILK JUG,WHITE HANGING HEART T-LIGHT HOLDER,21
330108,JAM MAKING SET PRINTED,SET OF 3 CAKE TINS SKETCHBOOK,21
317141,HOMEMADE JAM SCENTED CANDLES,NATURAL SLATE HEART CHALKBOARD,21
546041,SET OF 72 PINK HEART PAPER DOILIES,SET OF 72 RETROSPOT PAPER  DOILIES,21
455, BACK DOOR, GARAGE DESIGN,21
239850,FELTCRAFT DOLL MOLLY,FELTCRAFT PRINCESS CHARLOTTE DOLL,21
203375,DOORMAT UNION FLAG,REGENCY CAKESTAND 3 TIER,21
186878,DELUXE SEWING KIT,TRAVEL SEWING KIT,21
595933,TOY TIDY PINK POLKADOT,TOY TIDY SPACEBOY,21
307149,HEART OF WICKER SMALL,HOT BATHS METAL SIGN,21
338108,JUMBO BAG SPACEBOY DESIGN,LUNCH BAG SUKI  DESIGN,21
232410,FELT EGG COSY CHICKEN,FELT EGG COSY WHITE RABBIT,21
340576,JUMBO STORAGE BAG SKULLS,LUNCH BAG SPACEBOY DESIGN,21
161209,CIRCUS PARADE LUNCH BOX,LUNCH BOX I LOVE LONDON,21
171155,COOK WITH WINE METAL SIGN,KEY FOB ,21
291151,HAND WARMER BIRD DESIGN,PACK OF 6 BIRDY GIFT TAGS,21
290355,HAND WARMER BABUSHKA DESIGN,RETROSPOT HEART HOT WATER BOTTLE,21
193073,DOLLY GIRL LUNCH BOX,RECIPE BOX PANTRY YELLOW DESIGN,21
97353,BLUE POLKADOT PLATE,PINK  POLKADOT CUP,21
503843,RETROSPOT PARTY BAG + STICKER SET,SET/6 RED SPOTTY PAPER PLATES,21
320136,HOT WATER BOTTLE I AM SO POORLY,RED WOOLLY HOTTIE WHITE HEART.,21
320909,HOT WATER BOTTLE TEA AND SYMPATHY,RETROSPOT HEART HOT WATER BOTTLE,21
411774,PACK OF 12 SKULL TISSUES,PACK OF 12 WOODLAND TISSUES,21
492154,RED RETROSPOT SMALL MILK JUG,RED RETROSPOT SUGAR JAM BOWL,21
44570,ALARM CLOCK BAKELIKE RED,WOODEN PICTURE FRAME WHITE FINISH,21
317088,HOMEMADE JAM SCENTED CANDLES,PACK OF 72 RETROSPOT CAKE CASES,21
198117,DOORMAT HOME SWEET HOME BLUE,DOORMAT RED RETROSPOT,21
72600,BATHROOM METAL SIGN,KEY FOB ,21
197395,DOORMAT HEARTS,HEART OF WICKER SMALL,21
366041,LUNCH BAG SUKI  DESIGN,RED RETROSPOT CHARLOTTE BAG,21
193023,DOLLY GIRL LUNCH BOX,SET OF 3 CAKE TINS PANTRY DESIGN,21
151127,CHOCOLATE THIS WAY METAL SIGN,WHITE HANGING HEART T-LIGHT HOLDER,21
41530,ALARM CLOCK BAKELIKE GREEN,GUMBALL COAT RACK,21
266624,GIN + TONIC DIET METAL SIGN,REGENCY CAKESTAND 3 TIER,21
135478,CHARLOTTE BAG PINK POLKADOT,LUNCH BAG SUKI  DESIGN,21
118564,CANDLEHOLDER PINK HANGING HEART,WOODEN PICTURE FRAME WHITE FINISH,21
164618,CLOTHES PEGS RETROSPOT PACK 24,PAPER BUNTING RETROSPOT,21
235724,FELTCRAFT BUTTERFLY HEARTS,HEART OF WICKER LARGE,21
205988,DOORSTOP RETROSPOT HEART,HEART OF WICKER SMALL,21
346671,LADIES & GENTLEMEN METAL SIGN,YOU'RE CONFUSING ME METAL SIGN,21
427165,PAPER CHAIN KIT 50'S CHRISTMAS,PAPER CHAIN KIT RETROSPOT,21
306290,HEART OF WICKER LARGE,PAPER CHAIN KIT 50'S CHRISTMAS,21
334051,JUMBO  BAG BAROQUE BLACK WHITE,JUMBO BAG SPACEBOY DESIGN,21
287367,GUMBALL COAT RACK,REGENCY CAKESTAND 3 TIER,21
364301,LUNCH BAG RED RETROSPOT,PLASTERS IN TIN WOODLAND ANIMALS,21
266469,GIN + TONIC DIET METAL SIGN,LOVE BUILDING BLOCK WORD,21
329867,JAM MAKING SET PRINTED,POSTAGE,21
55554,ASSORTED COLOUR BIRD ORNAMENT,SMALL POPCORN HOLDER,21
34848,60 TEATIME FAIRY CAKE CASES,JUMBO BAG RED RETROSPOT,21
209868,EASTER TIN BUNNY BOUQUET,SET 3 PAPER VINTAGE CHICK PAPER EGG,21
120282,CARD BILLBOARD FONT,FANCY FONT BIRTHDAY CARD,21
281997,GREEN POLKADOT BOWL,PINK  POLKADOT CUP,21
196711,DOORMAT FANCY FONT HOME SWEET HOME,DOORMAT RED RETROSPOT,21
136213,CHARLOTTE BAG SUKI DESIGN,JUMBO BAG OWLS,21
128856,CERAMIC CAKE DESIGN SPOTTED MUG,CERAMIC STRAWBERRY DESIGN MUG,21
33329,60 CAKE CASES DOLLY GIRL DESIGN,60 TEATIME FAIRY CAKE CASES,21
284646,GREY HEART HOT WATER BOTTLE,PLEASE ONE PERSON METAL SIGN,21
136111,CHARLOTTE BAG SUKI DESIGN,LUNCH BAG SPACEBOY DESIGN,21
364374,LUNCH BAG RED RETROSPOT,STRAWBERRY LUNCH BOX WITH CUTLERY,21
283010,GREEN REGENCY TEACUP AND SAUCER,WHITE HANGING HEART T-LIGHT HOLDER,21
427157,PAPER CHAIN KIT 50'S CHRISTMAS,REX CASH+CARRY JUMBO SHOPPER,21
535520,SET OF 3 HEART COOKIE CUTTERS,SMALL HEART MEASURING SPOONS,21
289325,HAND OVER THE CHOCOLATE   SIGN,REGENCY CAKESTAND 3 TIER,21
620118,WHITE METAL LANTERN,WOOD S/3 CABINET ANT WHITE FINISH,21
463010,PLASTERS IN TIN WOODLAND ANIMALS,POPPY'S PLAYHOUSE BEDROOM,21
499196,RETRO COFFEE MUGS ASSORTED,WHITE HANGING HEART T-LIGHT HOLDER,21
461351,PLASTERS IN TIN SPACEBOY,SMALL POPCORN HOLDER,21
43695,ALARM CLOCK BAKELIKE PINK,SET OF 3 CAKE TINS PANTRY DESIGN,21
192172,DOLLY GIRL CHILDRENS EGG CUP,SOLDIERS EGG CUP,21
291054,HAND WARMER BIRD DESIGN,SCOTTIE DOG HOT WATER BOTTLE,21
206075,DOORSTOP RETROSPOT HEART,GINGHAM HEART  DOORSTOP RED,21
135532,CHARLOTTE BAG PINK POLKADOT,JUMBO BAG RED RETROSPOT,21
35844,72 SWEETHEART FAIRY CAKE CASES,LUNCH BAG RED RETROSPOT,21
48766,ANTIQUE GLASS DRESSING TABLE POT,ANTIQUE GLASS PEDESTAL BOWL,21
364369,LUNCH BAG RED RETROSPOT,PINK 3 PIECE POLKADOT CUTLERY SET,21
234923,FELTCRAFT 6 FLOWER FRIENDS,FELTCRAFT CUSHION BUTTERFLY,21
463510,PLEASE ONE PERSON METAL SIGN,WOODEN PICTURE FRAME WHITE FINISH,21
104054,BOX OF 24 COCKTAIL PARASOLS,PACK OF 72 RETROSPOT CAKE CASES,21
174385,CREAM CUPID HEARTS COAT HANGER,RED WOOLLY HOTTIE WHITE HEART.,21
41634,ALARM CLOCK BAKELIKE GREEN,SPACEBOY LUNCH BOX,21
238303,FELTCRAFT CUSHION RABBIT,PINK CREAM FELT CRAFT TRINKET BOX,21
44561,ALARM CLOCK BAKELIKE RED,GUMBALL COAT RACK,21
577426,SPACEBOY LUNCH BOX,STRAWBERRY LUNCH BOX WITH CUTLERY,21
170661,COOK WITH WINE METAL SIGN,MAN FLU METAL SIGN,21
341040,JUMBO STORAGE BAG SUKI,LUNCH BAG PINK POLKADOT,21
192919,DOLLY GIRL LUNCH BOX,JAM MAKING SET WITH JARS,21
414523,PACK OF 20 NAPKINS PANTRY DESIGN,PACK OF 72 RETROSPOT CAKE CASES,21
195591,DOORMAT ENGLISH ROSE,DOORMAT NEW ENGLAND,21
307039,HEART OF WICKER SMALL,SWEETHEART CAKESTAND 3 TIER,21
85061,BLACK TEA,COFFEE,21
314555,HOME BUILDING BLOCK WORD,WOOD BLACK BOARD ANT WHITE FINISH,21
33209,60 CAKE CASES DOLLY GIRL DESIGN,PACK OF 60 PINK PAISLEY CAKE CASES,21
295582,HANGING HEART JAR T-LIGHT HOLDER,SINGLE HEART ZINC T-LIGHT HOLDER,21
36188,72 SWEETHEART FAIRY CAKE CASES,SMALL HEART MEASURING SPOONS,21
421039,PACK OF 72 RETROSPOT CAKE CASES,PAPER BUNTING RETROSPOT,21
307202,HEART OF WICKER SMALL,SET/20 RED RETROSPOT PAPER NAPKINS,21
463468,PLEASE ONE PERSON METAL SIGN,RECIPE BOX PANTRY YELLOW DESIGN,21
338214,JUMBO BAG SPACEBOY DESIGN,LUNCH BAG SPACEBOY DESIGN,21
516881,ROUND SNACK BOXES SET OF4 WOODLAND,WOODLAND CHARLOTTE BAG,21
533921,SET OF 3 CAKE TINS PANTRY DESIGN,STRAWBERRY CERAMIC TRINKET BOX,21
498287,REGENCY CAKESTAND 3 TIER,SET OF 72 RETROSPOT PAPER  DOILIES,21
342669,KEY FOB ,SET OF 6 HERB TINS SKETCHBOOK,21
203216,DOORMAT UNION FLAG,NATURAL SLATE HEART CHALKBOARD,21
439228,PHOTO FRAME CORNICE,RED HANGING HEART T-LIGHT HOLDER,21
329179,JAM JAR WITH PINK LID,RECIPE BOX PANTRY YELLOW DESIGN,21
341083,JUMBO STORAGE BAG SUKI,LUNCH BAG WOODLAND,21
324345,IVORY DINER WALL CLOCK,RED KITCHEN SCALES,21
93397,BLUE OWL SOFT TOY,PINK OWL SOFT TOY,21
231329,FAWN BLUE HOT WATER BOTTLE,PAPER CHAIN KIT 50'S CHRISTMAS,21
317221,HOMEMADE JAM SCENTED CANDLES,KEY FOB ,21
164716,CLOTHES PEGS RETROSPOT PACK 24,PACK OF 12 HEARTS DESIGN TISSUES,21
339589,JUMBO BAG WOODLAND ANIMALS,LUNCH BAG WOODLAND,21
330831,JAM MAKING SET WITH JARS,SET 3 PAPER VINTAGE CHICK PAPER EGG,21
396554,NATURAL SLATE HEART CHALKBOARD,RETROSPOT HEART HOT WATER BOTTLE,21
476498,RED 3 PIECE RETROSPOT CUTLERY SET,SET/20 RED RETROSPOT PAPER NAPKINS,21
497722,RED WOOLLY HOTTIE WHITE HEART.,SET 7 BABUSHKA NESTING BOXES,21
38728,AGED GLASS SILVER T-LIGHT HOLDER,WHITE HANGING HEART T-LIGHT HOLDER,21
72481,BATHROOM METAL SIGN,HAND OVER THE CHOCOLATE   SIGN,21
142292,CHILDRENS GARDEN GLOVES BLUE,CHILDRENS GARDEN GLOVES PINK,21
192774,DOLLY GIRL LUNCH BOX,STRAWBERRY LUNCH BOX WITH CUTLERY,21
74510,BEWARE OF THE CAT METAL SIGN,WHITE HANGING HEART T-LIGHT HOLDER,21
2840, GARAGE DESIGN, SHED,21
55551,ASSORTED COLOUR BIRD ORNAMENT,COOK WITH WINE METAL SIGN,21
474704,RECIPE BOX RETROSPOT,SMALL POPCORN HOLDER,21
282487,GREEN POLKADOT PLATE,RED RETROSPOT PLATE,21
486022,RED RETROSPOT CHARLOTTE BAG,SET/20 RED RETROSPOT PAPER NAPKINS,21
505075,RETROSPOT TEA SET CERAMIC 11 PC,WHITE HANGING HEART T-LIGHT HOLDER,21
314576,HOME BUILDING BLOCK WORD,PHOTO FRAME CORNICE,21
306130,HEART OF WICKER LARGE,LUNCH BAG SPACEBOY DESIGN,21
328709,JAM JAR WITH GREEN LID,RECIPE BOX PANTRY YELLOW DESIGN,21
131819,CERAMIC STRAWBERRY CAKE MONEY BANK,SWEETHEART CERAMIC TRINKET BOX,21
606568,VICTORIAN SEWING BOX SMALL,WHITE HANGING HEART T-LIGHT HOLDER,21
192899,DOLLY GIRL LUNCH BOX,PLASTERS IN TIN SPACEBOY,21
329957,JAM MAKING SET PRINTED,SET OF 6 HERB TINS SKETCHBOOK,21
378508,METAL 4 HOOK HANGER FRENCH CHATEAU,WOODEN FRAME ANTIQUE WHITE,21
463491,PLEASE ONE PERSON METAL SIGN,REX CASH+CARRY JUMBO SHOPPER,21
96345,BLUE POLKADOT CUP,PINK  POLKADOT PLATE,21
443969,PINK  POLKADOT CUP,PINK  POLKADOT PLATE,21
396429,NATURAL SLATE HEART CHALKBOARD,TOAST ITS - I LOVE YOU,21
615615,WASHROOM METAL SIGN,WHITE HANGING HEART T-LIGHT HOLDER,21
314507,HOME BUILDING BLOCK WORD,SPACEBOY LUNCH BOX,21
492226,RED RETROSPOT SMALL MILK JUG,WHITE HANGING HEART T-LIGHT HOLDER,21
290139,HAND WARMER BABUSHKA DESIGN,HAND WARMER OWL DESIGN,21
364254,LUNCH BAG RED RETROSPOT,POSTAGE,21
35808,72 SWEETHEART FAIRY CAKE CASES,JAM MAKING SET PRINTED,21
306210,HEART OF WICKER LARGE,KEY FOB ,21
329901,JAM MAKING SET PRINTED,RETROSPOT HEART HOT WATER BOTTLE,21
120289,CARD BILLBOARD FONT,SPACEBOY BIRTHDAY CARD,21
491009,RED RETROSPOT ROUND CAKE TINS,SET OF 3 CAKE TINS PANTRY DESIGN,21
501289,RETROSPOT CHILDRENS APRON,WHITE HANGING HEART T-LIGHT HOLDER,21
306039,HEART OF WICKER LARGE,PINK HEART SHAPE EGG FRYING PAN,21
365700,LUNCH BAG SUKI  DESIGN,SET OF 3 HEART COOKIE CUTTERS,21
511290,ROMANTIC PINKS RIBBONS,SCANDINAVIAN REDS RIBBONS,21
177667,CREAM SWEETHEART MINI CHEST,WOOD S/3 CABINET ANT WHITE FINISH,21
568373,SMALL GLASS HEART TRINKET POT,WHITE HANGING HEART T-LIGHT HOLDER,21
164586,CLOTHES PEGS RETROSPOT PACK 24,DOLLY GIRL LUNCH BOX,21
492220,RED RETROSPOT SMALL MILK JUG,RETROSPOT LARGE MILK JUG,21
396538,NATURAL SLATE HEART CHALKBOARD,PINK HEART SHAPE EGG FRYING PAN,21
284596,GREY HEART HOT WATER BOTTLE,NATURAL SLATE HEART CHALKBOARD,21
35935,72 SWEETHEART FAIRY CAKE CASES,PLEASE ONE PERSON METAL SIGN,21
328708,JAM JAR WITH GREEN LID,JAM MAKING SET WITH JARS,21
174306,CREAM CUPID HEARTS COAT HANGER,HEART OF WICKER SMALL,21
314525,HOME BUILDING BLOCK WORD,WOOD S/3 CABINET ANT WHITE FINISH,21
364527,LUNCH BAG RED RETROSPOT,RECYCLING BAG RETROSPOT,21
152077,CHRISTMAS CRAFT LITTLE FRIENDS,PAPER CHAIN KIT 50'S CHRISTMAS,21
337125,JUMBO BAG RED RETROSPOT,SPACEBOY LUNCH BOX,21
